run,budget,regime,grain,ema_beta,layer,swap_rate,set_coverage,mass_coverage
flame38m_g1_temporal,1e18,temporal,coarse 6/64,1,2,0.99991,0.17125,0.18389
flame38m_g1_temporal,1e18,temporal,coarse 6/64,1,3,0.99977,0.26628,0.30359
flame38m_g1_temporal,1e18,temporal,coarse 6/64,1,4,0.99860,0.31665,0.37417
flame38m_g1_temporal,1e18,temporal,coarse 6/64,1,5,0.99911,0.34215,0.39089
flame38m_g1_temporal,1e18,temporal,coarse 6/64,1,6,0.99930,0.33115,0.37251
flame38m_g1_temporal,1e18,temporal,coarse 6/64,1,7,0.99959,0.33050,0.37319
flame38m_g1_temporal,1e18,temporal,coarse 6/64,1,8,0.99910,0.36166,0.39932
flame38m_g1_temporal,1e18,temporal,coarse 6/64,1,9,0.99858,0.37985,0.42484
flame38m_g1_temporal,1e18,temporal,coarse 6/64,1,all,0.99924,0.31244,0.35280
flame38m_g1_temporal,1e18,temporal,coarse 6/64,0.5,2,0.99852,0.36360,0.38629
flame38m_g1_temporal,1e18,temporal,coarse 6/64,0.5,3,0.99463,0.44826,0.50852
flame38m_g1_temporal,1e18,temporal,coarse 6/64,0.5,4,0.98666,0.49186,0.55843
flame38m_g1_temporal,1e18,temporal,coarse 6/64,0.5,5,0.98759,0.52587,0.58834
flame38m_g1_temporal,1e18,temporal,coarse 6/64,0.5,6,0.99018,0.52083,0.57483
flame38m_g1_temporal,1e18,temporal,coarse 6/64,0.5,7,0.99017,0.52852,0.58434
flame38m_g1_temporal,1e18,temporal,coarse 6/64,0.5,8,0.98342,0.56676,0.61845
flame38m_g1_temporal,1e18,temporal,coarse 6/64,0.5,9,0.97715,0.59258,0.64431
flame38m_g1_temporal,1e18,temporal,coarse 6/64,0.5,all,0.98854,0.50479,0.55794
flame38m_g1_temporal,1e18,temporal,coarse 6/64,0.25,2,0.98223,0.56473,0.58529
flame38m_g1_temporal,1e18,temporal,coarse 6/64,0.25,3,0.96296,0.63700,0.67649
flame38m_g1_temporal,1e18,temporal,coarse 6/64,0.25,4,0.93747,0.66961,0.71342
flame38m_g1_temporal,1e18,temporal,coarse 6/64,0.25,5,0.91894,0.69303,0.73713
flame38m_g1_temporal,1e18,temporal,coarse 6/64,0.25,6,0.92197,0.69490,0.73169
flame38m_g1_temporal,1e18,temporal,coarse 6/64,0.25,7,0.92297,0.71064,0.74993
flame38m_g1_temporal,1e18,temporal,coarse 6/64,0.25,8,0.88549,0.74654,0.78269
flame38m_g1_temporal,1e18,temporal,coarse 6/64,0.25,9,0.85474,0.76919,0.80553
flame38m_g1_temporal,1e18,temporal,coarse 6/64,0.25,all,0.92335,0.68571,0.72277
flame38m_g1_temporal,1e18,temporal,coarse 6/64,0.1,2,0.83190,0.78335,0.79494
flame38m_g1_temporal,1e18,temporal,coarse 6/64,0.1,3,0.74409,0.83344,0.85157
flame38m_g1_temporal,1e18,temporal,coarse 6/64,0.1,4,0.69455,0.84940,0.86809
flame38m_g1_temporal,1e18,temporal,coarse 6/64,0.1,5,0.68629,0.85041,0.87222
flame38m_g1_temporal,1e18,temporal,coarse 6/64,0.1,6,0.67295,0.85555,0.87217
flame38m_g1_temporal,1e18,temporal,coarse 6/64,0.1,7,0.63992,0.86983,0.88867
flame38m_g1_temporal,1e18,temporal,coarse 6/64,0.1,8,0.58145,0.88644,0.90408
flame38m_g1_temporal,1e18,temporal,coarse 6/64,0.1,9,0.52922,0.89900,0.91661
flame38m_g1_temporal,1e18,temporal,coarse 6/64,0.1,all,0.67255,0.85343,0.87104
flame38m_g3_temporal,1e18,temporal,fine 18/192,1,2,1.00000,0.18071,0.20292
flame38m_g3_temporal,1e18,temporal,fine 18/192,1,3,1.00000,0.22358,0.26322
flame38m_g3_temporal,1e18,temporal,fine 18/192,1,4,1.00000,0.26217,0.30782
flame38m_g3_temporal,1e18,temporal,fine 18/192,1,5,1.00000,0.26237,0.30266
flame38m_g3_temporal,1e18,temporal,fine 18/192,1,6,1.00000,0.26876,0.31421
flame38m_g3_temporal,1e18,temporal,fine 18/192,1,7,1.00000,0.30408,0.34854
flame38m_g3_temporal,1e18,temporal,fine 18/192,1,8,1.00000,0.31111,0.35039
flame38m_g3_temporal,1e18,temporal,fine 18/192,1,9,1.00000,0.36538,0.41658
flame38m_g3_temporal,1e18,temporal,fine 18/192,1,all,1.00000,0.27227,0.31329
flame38m_g3_temporal,1e18,temporal,fine 18/192,0.5,2,1.00000,0.32538,0.34846
flame38m_g3_temporal,1e18,temporal,fine 18/192,0.5,3,0.99998,0.35551,0.40886
flame38m_g3_temporal,1e18,temporal,fine 18/192,0.5,4,1.00000,0.39467,0.45417
flame38m_g3_temporal,1e18,temporal,fine 18/192,0.5,5,1.00000,0.40564,0.45673
flame38m_g3_temporal,1e18,temporal,fine 18/192,0.5,6,0.99998,0.40063,0.45321
flame38m_g3_temporal,1e18,temporal,fine 18/192,0.5,7,0.99998,0.45458,0.50725
flame38m_g3_temporal,1e18,temporal,fine 18/192,0.5,8,1.00000,0.47126,0.51706
flame38m_g3_temporal,1e18,temporal,fine 18/192,0.5,9,0.99994,0.52965,0.58488
flame38m_g3_temporal,1e18,temporal,fine 18/192,0.5,all,0.99999,0.41716,0.46633
flame38m_g3_temporal,1e18,temporal,fine 18/192,0.25,2,0.99896,0.49296,0.51386
flame38m_g3_temporal,1e18,temporal,fine 18/192,0.25,3,0.99887,0.53356,0.57108
flame38m_g3_temporal,1e18,temporal,fine 18/192,0.25,4,0.99982,0.55672,0.60319
flame38m_g3_temporal,1e18,temporal,fine 18/192,0.25,5,0.99969,0.57121,0.61221
flame38m_g3_temporal,1e18,temporal,fine 18/192,0.25,6,0.99944,0.55824,0.59975
flame38m_g3_temporal,1e18,temporal,fine 18/192,0.25,7,0.99940,0.61549,0.65795
flame38m_g3_temporal,1e18,temporal,fine 18/192,0.25,8,0.99876,0.63654,0.67399
flame38m_g3_temporal,1e18,temporal,fine 18/192,0.25,9,0.99806,0.68921,0.73241
flame38m_g3_temporal,1e18,temporal,fine 18/192,0.25,all,0.99913,0.58174,0.62055
flame38m_g3_temporal,1e18,temporal,fine 18/192,0.1,2,0.98632,0.74554,0.75825
flame38m_g3_temporal,1e18,temporal,fine 18/192,0.1,3,0.96657,0.80958,0.82560
flame38m_g3_temporal,1e18,temporal,fine 18/192,0.1,4,0.98464,0.80361,0.82534
flame38m_g3_temporal,1e18,temporal,fine 18/192,0.1,5,0.98461,0.81436,0.83435
flame38m_g3_temporal,1e18,temporal,fine 18/192,0.1,6,0.97733,0.79623,0.81631
flame38m_g3_temporal,1e18,temporal,fine 18/192,0.1,7,0.97377,0.83539,0.85581
flame38m_g3_temporal,1e18,temporal,fine 18/192,0.1,8,0.96199,0.84686,0.86499
flame38m_g3_temporal,1e18,temporal,fine 18/192,0.1,9,0.93419,0.87359,0.89361
flame38m_g3_temporal,1e18,temporal,fine 18/192,0.1,all,0.97118,0.81565,0.83428
g1_tmoe_coarse_1e19,1e19,temporal,coarse 6/64,1,2,1.00000,0.11391,0.11604
g1_tmoe_coarse_1e19,1e19,temporal,coarse 6/64,1,3,1.00000,0.14872,0.16183
g1_tmoe_coarse_1e19,1e19,temporal,coarse 6/64,1,4,1.00000,0.16229,0.17124
g1_tmoe_coarse_1e19,1e19,temporal,coarse 6/64,1,5,1.00000,0.18300,0.19506
g1_tmoe_coarse_1e19,1e19,temporal,coarse 6/64,1,6,1.00000,0.22725,0.25066
g1_tmoe_coarse_1e19,1e19,temporal,coarse 6/64,1,7,0.99994,0.26477,0.29826
g1_tmoe_coarse_1e19,1e19,temporal,coarse 6/64,1,8,0.99994,0.29271,0.33464
g1_tmoe_coarse_1e19,1e19,temporal,coarse 6/64,1,9,0.99982,0.31738,0.37010
g1_tmoe_coarse_1e19,1e19,temporal,coarse 6/64,1,10,0.99921,0.38032,0.43947
g1_tmoe_coarse_1e19,1e19,temporal,coarse 6/64,1,11,0.99890,0.40370,0.46452
g1_tmoe_coarse_1e19,1e19,temporal,coarse 6/64,1,12,0.99890,0.38968,0.44855
g1_tmoe_coarse_1e19,1e19,temporal,coarse 6/64,1,13,0.99896,0.37497,0.42194
g1_tmoe_coarse_1e19,1e19,temporal,coarse 6/64,1,14,0.99805,0.42398,0.47763
g1_tmoe_coarse_1e19,1e19,temporal,coarse 6/64,1,all,0.99952,0.28328,0.31923
g1_tmoe_coarse_1e19,1e19,temporal,coarse 6/64,0.5,2,0.99982,0.30800,0.31442
g1_tmoe_coarse_1e19,1e19,temporal,coarse 6/64,0.5,3,1.00000,0.32587,0.34749
g1_tmoe_coarse_1e19,1e19,temporal,coarse 6/64,0.5,4,0.99988,0.32965,0.34883
g1_tmoe_coarse_1e19,1e19,temporal,coarse 6/64,0.5,5,0.99982,0.35558,0.38014
g1_tmoe_coarse_1e19,1e19,temporal,coarse 6/64,0.5,6,0.99890,0.40367,0.44153
g1_tmoe_coarse_1e19,1e19,temporal,coarse 6/64,0.5,7,0.99713,0.45450,0.50227
g1_tmoe_coarse_1e19,1e19,temporal,coarse 6/64,0.5,8,0.99597,0.47566,0.53044
g1_tmoe_coarse_1e19,1e19,temporal,coarse 6/64,0.5,9,0.99511,0.49556,0.56157
g1_tmoe_coarse_1e19,1e19,temporal,coarse 6/64,0.5,10,0.98663,0.56040,0.63141
g1_tmoe_coarse_1e19,1e19,temporal,coarse 6/64,0.5,11,0.98015,0.58174,0.64886
g1_tmoe_coarse_1e19,1e19,temporal,coarse 6/64,0.5,12,0.98357,0.56773,0.63821
g1_tmoe_coarse_1e19,1e19,temporal,coarse 6/64,0.5,13,0.98632,0.56726,0.62762
g1_tmoe_coarse_1e19,1e19,temporal,coarse 6/64,0.5,14,0.97454,0.61331,0.67808
g1_tmoe_coarse_1e19,1e19,temporal,coarse 6/64,0.5,all,0.99214,0.46453,0.51160
g1_tmoe_coarse_1e19,1e19,temporal,coarse 6/64,0.25,2,0.99279,0.50213,0.50969
g1_tmoe_coarse_1e19,1e19,temporal,coarse 6/64,0.25,3,0.99298,0.51156,0.52832
g1_tmoe_coarse_1e19,1e19,temporal,coarse 6/64,0.25,4,0.99182,0.52015,0.53604
g1_tmoe_coarse_1e19,1e19,temporal,coarse 6/64,0.25,5,0.98986,0.54595,0.56588
g1_tmoe_coarse_1e19,1e19,temporal,coarse 6/64,0.25,6,0.97777,0.59274,0.62030
g1_tmoe_coarse_1e19,1e19,temporal,coarse 6/64,0.25,7,0.96684,0.64014,0.67577
g1_tmoe_coarse_1e19,1e19,temporal,coarse 6/64,0.25,8,0.95860,0.65215,0.69127
g1_tmoe_coarse_1e19,1e19,temporal,coarse 6/64,0.25,9,0.95035,0.67149,0.71429
g1_tmoe_coarse_1e19,1e19,temporal,coarse 6/64,0.25,10,0.91512,0.72091,0.76978
g1_tmoe_coarse_1e19,1e19,temporal,coarse 6/64,0.25,11,0.89021,0.73940,0.78329
g1_tmoe_coarse_1e19,1e19,temporal,coarse 6/64,0.25,12,0.90767,0.72913,0.77801
g1_tmoe_coarse_1e19,1e19,temporal,coarse 6/64,0.25,13,0.90651,0.73010,0.77375
g1_tmoe_coarse_1e19,1e19,temporal,coarse 6/64,0.25,14,0.85699,0.76798,0.81543
g1_tmoe_coarse_1e19,1e19,temporal,coarse 6/64,0.25,all,0.94596,0.64030,0.67399
g1_tmoe_coarse_1e19,1e19,temporal,coarse 6/64,0.1,2,0.91463,0.71161,0.71615
g1_tmoe_coarse_1e19,1e19,temporal,coarse 6/64,0.1,3,0.90144,0.72747,0.73575
g1_tmoe_coarse_1e19,1e19,temporal,coarse 6/64,0.1,4,0.88966,0.74316,0.75174
g1_tmoe_coarse_1e19,1e19,temporal,coarse 6/64,0.1,5,0.87286,0.76098,0.77097
g1_tmoe_coarse_1e19,1e19,temporal,coarse 6/64,0.1,6,0.80777,0.79843,0.81054
g1_tmoe_coarse_1e19,1e19,temporal,coarse 6/64,0.1,7,0.76881,0.82048,0.83819
g1_tmoe_coarse_1e19,1e19,temporal,coarse 6/64,0.1,8,0.76435,0.82532,0.84317
g1_tmoe_coarse_1e19,1e19,temporal,coarse 6/64,0.1,9,0.73766,0.83603,0.85456
g1_tmoe_coarse_1e19,1e19,temporal,coarse 6/64,0.1,10,0.67074,0.85999,0.88454
g1_tmoe_coarse_1e19,1e19,temporal,coarse 6/64,0.1,11,0.63178,0.87058,0.89063
g1_tmoe_coarse_1e19,1e19,temporal,coarse 6/64,0.1,12,0.65541,0.86414,0.88844
g1_tmoe_coarse_1e19,1e19,temporal,coarse 6/64,0.1,13,0.64704,0.86587,0.88783
g1_tmoe_coarse_1e19,1e19,temporal,coarse 6/64,0.1,14,0.56271,0.89065,0.91523
g1_tmoe_coarse_1e19,1e19,temporal,coarse 6/64,0.1,all,0.75576,0.81344,0.82983
g3_tmoe_s0_1e16_ant0p02,1e16,temporal,fine 18/192,1,2,0.99993,0.45029,0.48984
g3_tmoe_s0_1e16_ant0p02,1e16,temporal,fine 18/192,1,3,0.99983,0.58487,0.63315
g3_tmoe_s0_1e16_ant0p02,1e16,temporal,fine 18/192,1,4,0.99953,0.63067,0.67535
g3_tmoe_s0_1e16_ant0p02,1e16,temporal,fine 18/192,1,all,0.99977,0.55528,0.59945
g3_tmoe_s0_1e16_ant0p02,1e16,temporal,fine 18/192,0.5,2,0.99969,0.55950,0.61236
g3_tmoe_s0_1e16_ant0p02,1e16,temporal,fine 18/192,0.5,3,0.99843,0.68487,0.73466
g3_tmoe_s0_1e16_ant0p02,1e16,temporal,fine 18/192,0.5,4,0.99531,0.73435,0.78209
g3_tmoe_s0_1e16_ant0p02,1e16,temporal,fine 18/192,0.5,all,0.99781,0.65957,0.70970
g3_tmoe_s0_1e16_ant0p02,1e16,temporal,fine 18/192,0.25,2,0.99651,0.68446,0.72751
g3_tmoe_s0_1e16_ant0p02,1e16,temporal,fine 18/192,0.25,3,0.98319,0.78910,0.82589
g3_tmoe_s0_1e16_ant0p02,1e16,temporal,fine 18/192,0.25,4,0.96332,0.83187,0.86550
g3_tmoe_s0_1e16_ant0p02,1e16,temporal,fine 18/192,0.25,all,0.98101,0.76847,0.80630
g3_tmoe_s0_1e16_ant0p02,1e16,temporal,fine 18/192,0.1,2,0.94919,0.84952,0.87170
g3_tmoe_s0_1e16_ant0p02,1e16,temporal,fine 18/192,0.1,3,0.86360,0.90533,0.92268
g3_tmoe_s0_1e16_ant0p02,1e16,temporal,fine 18/192,0.1,4,0.78802,0.92703,0.94262
g3_tmoe_s0_1e16_ant0p02,1e16,temporal,fine 18/192,0.1,all,0.86694,0.89396,0.91233
g3_tmoe_s0_1e16_ant0p02_g0p9,1e16,temporal,fine 18/192,1,2,0.99978,0.49285,0.54232
g3_tmoe_s0_1e16_ant0p02_g0p9,1e16,temporal,fine 18/192,1,3,0.99973,0.60740,0.65158
g3_tmoe_s0_1e16_ant0p02_g0p9,1e16,temporal,fine 18/192,1,4,0.99963,0.63143,0.67265
g3_tmoe_s0_1e16_ant0p02_g0p9,1e16,temporal,fine 18/192,1,all,0.99971,0.57723,0.62218
g3_tmoe_s0_1e16_ant0p02_g0p9,1e16,temporal,fine 18/192,0.5,2,0.99937,0.61036,0.66049
g3_tmoe_s0_1e16_ant0p02_g0p9,1e16,temporal,fine 18/192,0.5,3,0.99647,0.71507,0.76170
g3_tmoe_s0_1e16_ant0p02_g0p9,1e16,temporal,fine 18/192,0.5,4,0.99619,0.73600,0.78101
g3_tmoe_s0_1e16_ant0p02_g0p9,1e16,temporal,fine 18/192,0.5,all,0.99734,0.68715,0.73440
g3_tmoe_s0_1e16_ant0p02_g0p9,1e16,temporal,fine 18/192,0.25,2,0.99371,0.73379,0.77122
g3_tmoe_s0_1e16_ant0p02_g0p9,1e16,temporal,fine 18/192,0.25,3,0.97286,0.81810,0.85250
g3_tmoe_s0_1e16_ant0p02_g0p9,1e16,temporal,fine 18/192,0.25,4,0.96714,0.83323,0.86503
g3_tmoe_s0_1e16_ant0p02_g0p9,1e16,temporal,fine 18/192,0.25,all,0.97790,0.79504,0.82959
g3_tmoe_s0_1e16_ant0p02_g0p9,1e16,temporal,fine 18/192,0.1,2,0.91840,0.88058,0.89809
g3_tmoe_s0_1e16_ant0p02_g0p9,1e16,temporal,fine 18/192,0.1,3,0.81102,0.92168,0.93784
g3_tmoe_s0_1e16_ant0p02_g0p9,1e16,temporal,fine 18/192,0.1,4,0.78966,0.92851,0.94306
g3_tmoe_s0_1e16_ant0p02_g0p9,1e16,temporal,fine 18/192,0.1,all,0.83969,0.91026,0.92633
g3_tmoe_s0_1e16_ant0p1,1e16,temporal,fine 18/192,1,2,0.99761,0.71977,0.75223
g3_tmoe_s0_1e16_ant0p1,1e16,temporal,fine 18/192,1,3,0.98847,0.83610,0.85827
g3_tmoe_s0_1e16_ant0p1,1e16,temporal,fine 18/192,1,4,0.98671,0.85990,0.87638
g3_tmoe_s0_1e16_ant0p1,1e16,temporal,fine 18/192,1,all,0.99093,0.80525,0.82896
g3_tmoe_s0_1e16_ant0p1,1e16,temporal,fine 18/192,0.5,2,0.98477,0.78714,0.82123
g3_tmoe_s0_1e16_ant0p1,1e16,temporal,fine 18/192,0.5,3,0.93666,0.88533,0.90656
g3_tmoe_s0_1e16_ant0p1,1e16,temporal,fine 18/192,0.5,4,0.92032,0.90533,0.92135
g3_tmoe_s0_1e16_ant0p1,1e16,temporal,fine 18/192,0.5,all,0.94725,0.85927,0.88305
g3_tmoe_s0_1e16_ant0p1,1e16,temporal,fine 18/192,0.25,2,0.92917,0.85858,0.88441
g3_tmoe_s0_1e16_ant0p1,1e16,temporal,fine 18/192,0.25,3,0.80544,0.92864,0.94273
g3_tmoe_s0_1e16_ant0p1,1e16,temporal,fine 18/192,0.25,4,0.75699,0.94195,0.95245
g3_tmoe_s0_1e16_ant0p1,1e16,temporal,fine 18/192,0.25,all,0.83053,0.90972,0.92653
g3_tmoe_s0_1e16_ant0p1,1e16,temporal,fine 18/192,0.1,2,0.73995,0.93192,0.94452
g3_tmoe_s0_1e16_ant0p1,1e16,temporal,fine 18/192,0.1,3,0.54701,0.96405,0.97061
g3_tmoe_s0_1e16_ant0p1,1e16,temporal,fine 18/192,0.1,4,0.48187,0.97031,0.97536
g3_tmoe_s0_1e16_ant0p1,1e16,temporal,fine 18/192,0.1,all,0.58961,0.95542,0.96350
g3_tmoe_s0_1e16_bursty,1e16,temporal,fine 18/192,1,2,0.99644,0.80079,0.99999
g3_tmoe_s0_1e16_bursty,1e16,temporal,fine 18/192,1,3,0.99515,0.79027,0.99689
g3_tmoe_s0_1e16_bursty,1e16,temporal,fine 18/192,1,4,0.99511,0.78449,0.95482
g3_tmoe_s0_1e16_bursty,1e16,temporal,fine 18/192,1,all,0.99557,0.79185,0.98390
g3_tmoe_s0_1e16_bursty,1e16,temporal,fine 18/192,0.5,2,0.95802,0.87855,1.00000
g3_tmoe_s0_1e16_bursty,1e16,temporal,fine 18/192,0.5,3,0.95849,0.86169,0.99939
g3_tmoe_s0_1e16_bursty,1e16,temporal,fine 18/192,0.5,4,0.95970,0.85927,0.98330
g3_tmoe_s0_1e16_bursty,1e16,temporal,fine 18/192,0.5,all,0.95874,0.86650,0.99423
g3_tmoe_s0_1e16_bursty,1e16,temporal,fine 18/192,0.25,2,0.80148,0.93209,1.00000
g3_tmoe_s0_1e16_bursty,1e16,temporal,fine 18/192,0.25,3,0.82355,0.92106,0.99981
g3_tmoe_s0_1e16_bursty,1e16,temporal,fine 18/192,0.25,4,0.83090,0.92023,0.99314
g3_tmoe_s0_1e16_bursty,1e16,temporal,fine 18/192,0.25,all,0.81864,0.92446,0.99765
g3_tmoe_s0_1e16_bursty,1e16,temporal,fine 18/192,0.1,2,0.47778,0.97028,1.00000
g3_tmoe_s0_1e16_bursty,1e16,temporal,fine 18/192,0.1,3,0.52074,0.96572,0.99994
g3_tmoe_s0_1e16_bursty,1e16,temporal,fine 18/192,0.1,4,0.53236,0.96519,0.99753
g3_tmoe_s0_1e16_bursty,1e16,temporal,fine 18/192,0.1,all,0.51029,0.96706,0.99916
g3_tmoe_s0_1e16_head,1e16,temporal,fine 18/192,1,2,0.99994,0.36961,0.41566
g3_tmoe_s0_1e16_head,1e16,temporal,fine 18/192,1,3,0.99998,0.32665,0.37620
g3_tmoe_s0_1e16_head,1e16,temporal,fine 18/192,1,4,0.99995,0.44312,0.49378
g3_tmoe_s0_1e16_head,1e16,temporal,fine 18/192,1,all,0.99996,0.37979,0.42855
g3_tmoe_s0_1e16_head,1e16,temporal,fine 18/192,0.5,2,0.99991,0.49939,0.56041
g3_tmoe_s0_1e16_head,1e16,temporal,fine 18/192,0.5,3,0.99981,0.44885,0.50733
g3_tmoe_s0_1e16_head,1e16,temporal,fine 18/192,0.5,4,0.99979,0.57718,0.63288
g3_tmoe_s0_1e16_head,1e16,temporal,fine 18/192,0.5,all,0.99983,0.50847,0.56687
g3_tmoe_s0_1e16_head,1e16,temporal,fine 18/192,0.25,2,0.99895,0.64100,0.69179
g3_tmoe_s0_1e16_head,1e16,temporal,fine 18/192,0.25,3,0.99866,0.59664,0.64267
g3_tmoe_s0_1e16_head,1e16,temporal,fine 18/192,0.25,4,0.99628,0.71378,0.75738
g3_tmoe_s0_1e16_head,1e16,temporal,fine 18/192,0.25,all,0.99796,0.65047,0.69728
g3_tmoe_s0_1e16_head,1e16,temporal,fine 18/192,0.1,2,0.97144,0.82990,0.85546
g3_tmoe_s0_1e16_head,1e16,temporal,fine 18/192,0.1,3,0.97530,0.81718,0.83974
g3_tmoe_s0_1e16_head,1e16,temporal,fine 18/192,0.1,4,0.91882,0.88043,0.90095
g3_tmoe_s0_1e16_head,1e16,temporal,fine 18/192,0.1,all,0.95519,0.84250,0.86538
g3_tmoe_s0_1e16_head_b05,1e16,temporal,fine 18/192,1,2,0.99997,0.25705,0.29960
g3_tmoe_s0_1e16_head_b05,1e16,temporal,fine 18/192,1,3,0.99995,0.31204,0.35703
g3_tmoe_s0_1e16_head_b05,1e16,temporal,fine 18/192,1,4,0.99995,0.40391,0.44924
g3_tmoe_s0_1e16_head_b05,1e16,temporal,fine 18/192,1,all,0.99996,0.32434,0.36862
g3_tmoe_s0_1e16_head_b05,1e16,temporal,fine 18/192,0.5,2,0.99985,0.37246,0.42567
g3_tmoe_s0_1e16_head_b05,1e16,temporal,fine 18/192,0.5,3,0.99992,0.44666,0.49769
g3_tmoe_s0_1e16_head_b05,1e16,temporal,fine 18/192,0.5,4,0.99981,0.54263,0.59516
g3_tmoe_s0_1e16_head_b05,1e16,temporal,fine 18/192,0.5,all,0.99986,0.45392,0.50617
g3_tmoe_s0_1e16_head_b05,1e16,temporal,fine 18/192,0.25,2,0.99856,0.55405,0.59088
g3_tmoe_s0_1e16_head_b05,1e16,temporal,fine 18/192,0.25,3,0.99937,0.61197,0.65068
g3_tmoe_s0_1e16_head_b05,1e16,temporal,fine 18/192,0.25,4,0.99684,0.68658,0.72836
g3_tmoe_s0_1e16_head_b05,1e16,temporal,fine 18/192,0.25,all,0.99826,0.61753,0.65664
g3_tmoe_s0_1e16_head_b05,1e16,temporal,fine 18/192,0.1,2,0.98116,0.81655,0.83271
g3_tmoe_s0_1e16_head_b05,1e16,temporal,fine 18/192,0.1,3,0.97367,0.84027,0.85748
g3_tmoe_s0_1e16_head_b05,1e16,temporal,fine 18/192,0.1,4,0.93913,0.86822,0.88779
g3_tmoe_s0_1e16_head_b05,1e16,temporal,fine 18/192,0.1,all,0.96465,0.84168,0.85932
g3_tmoe_s0_1e16_head_c,1e16,temporal,fine 18/192,1,2,0.99996,0.27523,0.31929
g3_tmoe_s0_1e16_head_c,1e16,temporal,fine 18/192,1,3,0.99999,0.28365,0.32780
g3_tmoe_s0_1e16_head_c,1e16,temporal,fine 18/192,1,4,0.99998,0.34762,0.38879
g3_tmoe_s0_1e16_head_c,1e16,temporal,fine 18/192,1,all,0.99998,0.30217,0.34529
g3_tmoe_s0_1e16_head_c,1e16,temporal,fine 18/192,0.5,2,0.99998,0.40449,0.46116
g3_tmoe_s0_1e16_head_c,1e16,temporal,fine 18/192,0.5,3,0.99978,0.41306,0.46580
g3_tmoe_s0_1e16_head_c,1e16,temporal,fine 18/192,0.5,4,0.99995,0.49412,0.54088
g3_tmoe_s0_1e16_head_c,1e16,temporal,fine 18/192,0.5,all,0.99990,0.43722,0.48928
g3_tmoe_s0_1e16_head_c,1e16,temporal,fine 18/192,0.25,2,0.99967,0.56983,0.61503
g3_tmoe_s0_1e16_head_c,1e16,temporal,fine 18/192,0.25,3,0.99843,0.58051,0.62180
g3_tmoe_s0_1e16_head_c,1e16,temporal,fine 18/192,0.25,4,0.99835,0.66137,0.69700
g3_tmoe_s0_1e16_head_c,1e16,temporal,fine 18/192,0.25,all,0.99882,0.60390,0.64461
g3_tmoe_s0_1e16_head_c,1e16,temporal,fine 18/192,0.1,2,0.98400,0.81118,0.83305
g3_tmoe_s0_1e16_head_c,1e16,temporal,fine 18/192,0.1,3,0.97067,0.82376,0.84283
g3_tmoe_s0_1e16_head_c,1e16,temporal,fine 18/192,0.1,4,0.93799,0.87179,0.88734
g3_tmoe_s0_1e16_head_c,1e16,temporal,fine 18/192,0.1,all,0.96422,0.83558,0.85441
g3_tmoe_s0_1e16_head_tc,1e16,temporal,fine 18/192,1,2,0.99998,0.27751,0.31527
g3_tmoe_s0_1e16_head_tc,1e16,temporal,fine 18/192,1,3,0.99998,0.35416,0.39404
g3_tmoe_s0_1e16_head_tc,1e16,temporal,fine 18/192,1,4,0.99998,0.39496,0.43610
g3_tmoe_s0_1e16_head_tc,1e16,temporal,fine 18/192,1,all,0.99998,0.34221,0.38181
g3_tmoe_s0_1e16_head_tc,1e16,temporal,fine 18/192,0.5,2,0.99987,0.44052,0.47992
g3_tmoe_s0_1e16_head_tc,1e16,temporal,fine 18/192,0.5,3,0.99995,0.50887,0.55818
g3_tmoe_s0_1e16_head_tc,1e16,temporal,fine 18/192,0.5,4,0.99992,0.55374,0.60052
g3_tmoe_s0_1e16_head_tc,1e16,temporal,fine 18/192,0.5,all,0.99991,0.50104,0.54620
g3_tmoe_s0_1e16_head_tc,1e16,temporal,fine 18/192,0.25,2,0.99895,0.63059,0.65969
g3_tmoe_s0_1e16_head_tc,1e16,temporal,fine 18/192,0.25,3,0.99897,0.66942,0.70918
g3_tmoe_s0_1e16_head_tc,1e16,temporal,fine 18/192,0.25,4,0.99745,0.71561,0.75126
g3_tmoe_s0_1e16_head_tc,1e16,temporal,fine 18/192,0.25,all,0.99846,0.67187,0.70671
g3_tmoe_s0_1e16_head_tc,1e16,temporal,fine 18/192,0.1,2,0.96269,0.86076,0.87481
g3_tmoe_s0_1e16_head_tc,1e16,temporal,fine 18/192,0.1,3,0.95033,0.86768,0.88596
g3_tmoe_s0_1e16_head_tc,1e16,temporal,fine 18/192,0.1,4,0.90928,0.89528,0.91060
g3_tmoe_s0_1e16_head_tc,1e16,temporal,fine 18/192,0.1,all,0.94077,0.87457,0.89046
g3_tmoe_s0_1e16_mom,1e16,temporal,fine 18/192,1,2,0.99999,0.20012,0.22857
g3_tmoe_s0_1e16_mom,1e16,temporal,fine 18/192,1,3,0.99998,0.26509,0.30002
g3_tmoe_s0_1e16_mom,1e16,temporal,fine 18/192,1,4,0.99999,0.38613,0.42102
g3_tmoe_s0_1e16_mom,1e16,temporal,fine 18/192,1,all,0.99999,0.28378,0.31654
g3_tmoe_s0_1e16_mom,1e16,temporal,fine 18/192,0.5,2,0.99994,0.36967,0.39979
g3_tmoe_s0_1e16_mom,1e16,temporal,fine 18/192,0.5,3,0.99998,0.41084,0.45187
g3_tmoe_s0_1e16_mom,1e16,temporal,fine 18/192,0.5,4,0.99991,0.53968,0.58376
g3_tmoe_s0_1e16_mom,1e16,temporal,fine 18/192,0.5,all,0.99994,0.44006,0.47847
g3_tmoe_s0_1e16_mom,1e16,temporal,fine 18/192,0.25,2,0.99973,0.60305,0.62364
g3_tmoe_s0_1e16_mom,1e16,temporal,fine 18/192,0.25,3,0.99926,0.59559,0.62693
g3_tmoe_s0_1e16_mom,1e16,temporal,fine 18/192,0.25,4,0.99711,0.70117,0.73584
g3_tmoe_s0_1e16_mom,1e16,temporal,fine 18/192,0.25,all,0.99870,0.63327,0.66214
g3_tmoe_s0_1e16_mom,1e16,temporal,fine 18/192,0.1,2,0.96063,0.86571,0.87554
g3_tmoe_s0_1e16_mom,1e16,temporal,fine 18/192,0.1,3,0.96871,0.84424,0.85840
g3_tmoe_s0_1e16_mom,1e16,temporal,fine 18/192,0.1,4,0.91030,0.88865,0.90390
g3_tmoe_s0_1e16_mom,1e16,temporal,fine 18/192,0.1,all,0.94655,0.86620,0.87928
g3_tmoe_s0_1e16_mom_seed2,1e16,temporal,fine 18/192,1,2,0.99998,0.19474,0.22972
g3_tmoe_s0_1e16_mom_seed2,1e16,temporal,fine 18/192,1,3,0.99998,0.27209,0.29948
g3_tmoe_s0_1e16_mom_seed2,1e16,temporal,fine 18/192,1,4,0.99998,0.37101,0.40644
g3_tmoe_s0_1e16_mom_seed2,1e16,temporal,fine 18/192,1,all,0.99998,0.27928,0.31188
g3_tmoe_s0_1e16_mom_seed2,1e16,temporal,fine 18/192,0.5,2,0.99998,0.36530,0.39567
g3_tmoe_s0_1e16_mom_seed2,1e16,temporal,fine 18/192,0.5,3,0.99994,0.41919,0.45799
g3_tmoe_s0_1e16_mom_seed2,1e16,temporal,fine 18/192,0.5,4,0.99986,0.52341,0.56810
g3_tmoe_s0_1e16_mom_seed2,1e16,temporal,fine 18/192,0.5,all,0.99993,0.43597,0.47392
g3_tmoe_s0_1e16_mom_seed2,1e16,temporal,fine 18/192,0.25,2,0.99989,0.58950,0.60953
g3_tmoe_s0_1e16_mom_seed2,1e16,temporal,fine 18/192,0.25,3,0.99918,0.60630,0.63630
g3_tmoe_s0_1e16_mom_seed2,1e16,temporal,fine 18/192,0.25,4,0.99734,0.68690,0.72221
g3_tmoe_s0_1e16_mom_seed2,1e16,temporal,fine 18/192,0.25,all,0.99880,0.62756,0.65601
g3_tmoe_s0_1e16_mom_seed2,1e16,temporal,fine 18/192,0.1,2,0.95271,0.86331,0.87226
g3_tmoe_s0_1e16_mom_seed2,1e16,temporal,fine 18/192,0.1,3,0.96185,0.85113,0.86437
g3_tmoe_s0_1e16_mom_seed2,1e16,temporal,fine 18/192,0.1,4,0.91774,0.88479,0.90014
g3_tmoe_s0_1e16_mom_seed2,1e16,temporal,fine 18/192,0.1,all,0.94410,0.86641,0.87892
g3_tmoe_s0_1e16_momg_b05,1e16,temporal,fine 18/192,1,2,0.99999,0.20792,0.22514
g3_tmoe_s0_1e16_momg_b05,1e16,temporal,fine 18/192,1,3,0.99998,0.28064,0.30683
g3_tmoe_s0_1e16_momg_b05,1e16,temporal,fine 18/192,1,4,0.99998,0.36979,0.40015
g3_tmoe_s0_1e16_momg_b05,1e16,temporal,fine 18/192,1,all,0.99998,0.28612,0.31070
g3_tmoe_s0_1e16_momg_b05,1e16,temporal,fine 18/192,0.5,2,0.99998,0.35427,0.38330
g3_tmoe_s0_1e16_momg_b05,1e16,temporal,fine 18/192,0.5,3,0.99986,0.44646,0.48155
g3_tmoe_s0_1e16_momg_b05,1e16,temporal,fine 18/192,0.5,4,0.99989,0.53244,0.57198
g3_tmoe_s0_1e16_momg_b05,1e16,temporal,fine 18/192,0.5,all,0.99991,0.44439,0.47895
g3_tmoe_s0_1e16_momg_b05,1e16,temporal,fine 18/192,0.25,2,0.99979,0.54001,0.56592
g3_tmoe_s0_1e16_momg_b05,1e16,temporal,fine 18/192,0.25,3,0.99869,0.63732,0.66571
g3_tmoe_s0_1e16_momg_b05,1e16,temporal,fine 18/192,0.25,4,0.99751,0.70149,0.73301
g3_tmoe_s0_1e16_momg_b05,1e16,temporal,fine 18/192,0.25,all,0.99866,0.62627,0.65488
g3_tmoe_s0_1e16_momg_b05,1e16,temporal,fine 18/192,0.1,2,0.98620,0.80617,0.81966
g3_tmoe_s0_1e16_momg_b05,1e16,temporal,fine 18/192,0.1,3,0.95002,0.86694,0.88004
g3_tmoe_s0_1e16_momg_b05,1e16,temporal,fine 18/192,0.1,4,0.91248,0.89092,0.90490
g3_tmoe_s0_1e16_momg_b05,1e16,temporal,fine 18/192,0.1,all,0.94957,0.85468,0.86820
g3_tmoe_s0_1e16_momr,1e16,temporal,fine 18/192,1,2,0.99998,0.18618,0.20846
g3_tmoe_s0_1e16_momr,1e16,temporal,fine 18/192,1,3,0.99999,0.27701,0.30922
g3_tmoe_s0_1e16_momr,1e16,temporal,fine 18/192,1,4,0.99994,0.39590,0.43326
g3_tmoe_s0_1e16_momr,1e16,temporal,fine 18/192,1,all,0.99997,0.28637,0.31698
g3_tmoe_s0_1e16_momr,1e16,temporal,fine 18/192,0.5,2,0.99997,0.33366,0.36326
g3_tmoe_s0_1e16_momr,1e16,temporal,fine 18/192,0.5,3,0.99994,0.42744,0.46940
g3_tmoe_s0_1e16_momr,1e16,temporal,fine 18/192,0.5,4,0.99944,0.55542,0.59912
g3_tmoe_s0_1e16_momr,1e16,temporal,fine 18/192,0.5,all,0.99978,0.43884,0.47726
g3_tmoe_s0_1e16_momr,1e16,temporal,fine 18/192,0.25,2,0.99969,0.53471,0.55821
g3_tmoe_s0_1e16_momr,1e16,temporal,fine 18/192,0.25,3,0.99923,0.60618,0.63975
g3_tmoe_s0_1e16_momr,1e16,temporal,fine 18/192,0.25,4,0.99576,0.71507,0.74959
g3_tmoe_s0_1e16_momr,1e16,temporal,fine 18/192,0.25,all,0.99822,0.61865,0.64918
g3_tmoe_s0_1e16_momr,1e16,temporal,fine 18/192,0.1,2,0.98657,0.81551,0.82728
g3_tmoe_s0_1e16_momr,1e16,temporal,fine 18/192,0.1,3,0.96776,0.84457,0.86014
g3_tmoe_s0_1e16_momr,1e16,temporal,fine 18/192,0.1,4,0.90233,0.89329,0.90865
g3_tmoe_s0_1e16_momr,1e16,temporal,fine 18/192,0.1,all,0.95222,0.85112,0.86536
g3_tmoe_s0_1e16_momr_b1,1e16,temporal,fine 18/192,1,2,0.99999,0.20780,0.23283
g3_tmoe_s0_1e16_momr_b1,1e16,temporal,fine 18/192,1,3,0.99996,0.28885,0.31762
g3_tmoe_s0_1e16_momr_b1,1e16,temporal,fine 18/192,1,4,0.99998,0.38434,0.42178
g3_tmoe_s0_1e16_momr_b1,1e16,temporal,fine 18/192,1,all,0.99998,0.29366,0.32408
g3_tmoe_s0_1e16_momr_b1,1e16,temporal,fine 18/192,0.5,2,0.99989,0.39991,0.42541
g3_tmoe_s0_1e16_momr_b1,1e16,temporal,fine 18/192,0.5,3,0.99985,0.44678,0.48510
g3_tmoe_s0_1e16_momr_b1,1e16,temporal,fine 18/192,0.5,4,0.99986,0.54406,0.58651
g3_tmoe_s0_1e16_momr_b1,1e16,temporal,fine 18/192,0.5,all,0.99987,0.46358,0.49900
g3_tmoe_s0_1e16_momr_b1,1e16,temporal,fine 18/192,0.25,2,0.99918,0.61784,0.63893
g3_tmoe_s0_1e16_momr_b1,1e16,temporal,fine 18/192,0.25,3,0.99838,0.62716,0.65890
g3_tmoe_s0_1e16_momr_b1,1e16,temporal,fine 18/192,0.25,4,0.99670,0.70815,0.74127
g3_tmoe_s0_1e16_momr_b1,1e16,temporal,fine 18/192,0.25,all,0.99809,0.65105,0.67970
g3_tmoe_s0_1e16_momr_b1,1e16,temporal,fine 18/192,0.1,2,0.96043,0.86418,0.87539
g3_tmoe_s0_1e16_momr_b1,1e16,temporal,fine 18/192,0.1,3,0.95954,0.85517,0.87037
g3_tmoe_s0_1e16_momr_b1,1e16,temporal,fine 18/192,0.1,4,0.90701,0.89415,0.90854
g3_tmoe_s0_1e16_momr_b1,1e16,temporal,fine 18/192,0.1,all,0.94233,0.87117,0.88477
g3_tmoe_s0_1e16_momr_b2,1e16,temporal,fine 18/192,1,2,0.99996,0.20635,0.22643
g3_tmoe_s0_1e16_momr_b2,1e16,temporal,fine 18/192,1,3,0.99995,0.31865,0.35092
g3_tmoe_s0_1e16_momr_b2,1e16,temporal,fine 18/192,1,4,0.99998,0.40167,0.43970
g3_tmoe_s0_1e16_momr_b2,1e16,temporal,fine 18/192,1,all,0.99996,0.30889,0.33902
g3_tmoe_s0_1e16_momr_b2,1e16,temporal,fine 18/192,0.5,2,0.99987,0.35784,0.38504
g3_tmoe_s0_1e16_momr_b2,1e16,temporal,fine 18/192,0.5,3,0.99990,0.48783,0.52525
g3_tmoe_s0_1e16_momr_b2,1e16,temporal,fine 18/192,0.5,4,0.99983,0.56234,0.60729
g3_tmoe_s0_1e16_momr_b2,1e16,temporal,fine 18/192,0.5,all,0.99987,0.46933,0.50586
g3_tmoe_s0_1e16_momr_b2,1e16,temporal,fine 18/192,0.25,2,0.99932,0.56228,0.58396
g3_tmoe_s0_1e16_momr_b2,1e16,temporal,fine 18/192,0.25,3,0.99861,0.66904,0.69944
g3_tmoe_s0_1e16_momr_b2,1e16,temporal,fine 18/192,0.25,4,0.99616,0.71978,0.75550
g3_tmoe_s0_1e16_momr_b2,1e16,temporal,fine 18/192,0.25,all,0.99803,0.65036,0.67963
g3_tmoe_s0_1e16_momr_b2,1e16,temporal,fine 18/192,0.1,2,0.97617,0.83593,0.84657
g3_tmoe_s0_1e16_momr_b2,1e16,temporal,fine 18/192,0.1,3,0.93553,0.88144,0.89537
g3_tmoe_s0_1e16_momr_b2,1e16,temporal,fine 18/192,0.1,4,0.90124,0.89553,0.91153
g3_tmoe_s0_1e16_momr_b2,1e16,temporal,fine 18/192,0.1,all,0.93765,0.87097,0.88449
g3_tmoe_s2_1e17,1e17,temporal,fine 18/192,1,2,0.99999,0.19251,0.23400
g3_tmoe_s2_1e17,1e17,temporal,fine 18/192,1,3,0.99999,0.26265,0.30379
g3_tmoe_s2_1e17,1e17,temporal,fine 18/192,1,4,0.99999,0.34581,0.39514
g3_tmoe_s2_1e17,1e17,temporal,fine 18/192,1,5,0.99999,0.40012,0.45265
g3_tmoe_s2_1e17,1e17,temporal,fine 18/192,1,6,0.99998,0.44557,0.50012
g3_tmoe_s2_1e17,1e17,temporal,fine 18/192,1,all,0.99999,0.32933,0.37714
g3_tmoe_s2_1e17,1e17,temporal,fine 18/192,0.5,2,0.99995,0.37224,0.41092
g3_tmoe_s2_1e17,1e17,temporal,fine 18/192,0.5,3,0.99988,0.42205,0.47124
g3_tmoe_s2_1e17,1e17,temporal,fine 18/192,0.5,4,0.99990,0.49018,0.55201
g3_tmoe_s2_1e17,1e17,temporal,fine 18/192,0.5,5,0.99988,0.54219,0.60613
g3_tmoe_s2_1e17,1e17,temporal,fine 18/192,0.5,6,0.99953,0.59003,0.65066
g3_tmoe_s2_1e17,1e17,temporal,fine 18/192,0.5,all,0.99983,0.48334,0.53819
g3_tmoe_s2_1e17,1e17,temporal,fine 18/192,0.25,2,0.99965,0.60170,0.62492
g3_tmoe_s2_1e17,1e17,temporal,fine 18/192,0.25,3,0.99921,0.62102,0.65700
g3_tmoe_s2_1e17,1e17,temporal,fine 18/192,0.25,4,0.99843,0.64474,0.69577
g3_tmoe_s2_1e17,1e17,temporal,fine 18/192,0.25,5,0.99718,0.68909,0.74113
g3_tmoe_s2_1e17,1e17,temporal,fine 18/192,0.25,6,0.99393,0.73193,0.77855
g3_tmoe_s2_1e17,1e17,temporal,fine 18/192,0.25,all,0.99768,0.65770,0.69947
g3_tmoe_s2_1e17,1e17,temporal,fine 18/192,0.1,2,0.95841,0.86701,0.87590
g3_tmoe_s2_1e17,1e17,temporal,fine 18/192,0.1,3,0.95061,0.86350,0.87920
g3_tmoe_s2_1e17,1e17,temporal,fine 18/192,0.1,4,0.95398,0.84788,0.87277
g3_tmoe_s2_1e17,1e17,temporal,fine 18/192,0.1,5,0.93010,0.87140,0.89575
g3_tmoe_s2_1e17,1e17,temporal,fine 18/192,0.1,6,0.88975,0.89562,0.91639
g3_tmoe_s2_1e17,1e17,temporal,fine 18/192,0.1,all,0.93657,0.86908,0.88800
g3_tmoe_s2_1e17_auxfree,1e17,temporal,fine 18/192,1,2,0.99998,0.32905,0.38154
g3_tmoe_s2_1e17_auxfree,1e17,temporal,fine 18/192,1,3,0.99999,0.33296,0.38785
g3_tmoe_s2_1e17_auxfree,1e17,temporal,fine 18/192,1,4,0.99998,0.35960,0.40570
g3_tmoe_s2_1e17_auxfree,1e17,temporal,fine 18/192,1,5,0.99999,0.41171,0.47615
g3_tmoe_s2_1e17_auxfree,1e17,temporal,fine 18/192,1,6,0.99999,0.46440,0.52987
g3_tmoe_s2_1e17_auxfree,1e17,temporal,fine 18/192,1,all,0.99999,0.37955,0.43622
g3_tmoe_s2_1e17_auxfree,1e17,temporal,fine 18/192,0.5,2,0.99995,0.48685,0.54435
g3_tmoe_s2_1e17_auxfree,1e17,temporal,fine 18/192,0.5,3,0.99993,0.48814,0.55440
g3_tmoe_s2_1e17_auxfree,1e17,temporal,fine 18/192,0.5,4,0.99981,0.51009,0.57346
g3_tmoe_s2_1e17_auxfree,1e17,temporal,fine 18/192,0.5,5,0.99980,0.55618,0.62886
g3_tmoe_s2_1e17_auxfree,1e17,temporal,fine 18/192,0.5,6,0.99979,0.60264,0.67663
g3_tmoe_s2_1e17_auxfree,1e17,temporal,fine 18/192,0.5,all,0.99986,0.52878,0.59554
g3_tmoe_s2_1e17_auxfree,1e17,temporal,fine 18/192,0.25,2,0.99953,0.65909,0.69994
g3_tmoe_s2_1e17_auxfree,1e17,temporal,fine 18/192,0.25,3,0.99908,0.65120,0.69990
g3_tmoe_s2_1e17_auxfree,1e17,temporal,fine 18/192,0.25,4,0.99845,0.66942,0.71931
g3_tmoe_s2_1e17_auxfree,1e17,temporal,fine 18/192,0.25,5,0.99763,0.70512,0.75862
g3_tmoe_s2_1e17_auxfree,1e17,temporal,fine 18/192,0.25,6,0.99593,0.73947,0.79387
g3_tmoe_s2_1e17_auxfree,1e17,temporal,fine 18/192,0.25,all,0.99813,0.68486,0.73433
g3_tmoe_s2_1e17_auxfree,1e17,temporal,fine 18/192,0.1,2,0.96599,0.86614,0.88360
g3_tmoe_s2_1e17_auxfree,1e17,temporal,fine 18/192,0.1,3,0.96424,0.85757,0.87875
g3_tmoe_s2_1e17_auxfree,1e17,temporal,fine 18/192,0.1,4,0.95232,0.86534,0.88787
g3_tmoe_s2_1e17_auxfree,1e17,temporal,fine 18/192,0.1,5,0.92677,0.88345,0.90589
g3_tmoe_s2_1e17_auxfree,1e17,temporal,fine 18/192,0.1,6,0.89830,0.89764,0.92093
g3_tmoe_s2_1e17_auxfree,1e17,temporal,fine 18/192,0.1,all,0.94152,0.87403,0.89541
g3_tmoe_s2_1e17_karen,1e17,temporal,fine 18/192,1,2,0.99997,0.31232,0.32944
g3_tmoe_s2_1e17_karen,1e17,temporal,fine 18/192,1,3,0.99997,0.36658,0.40256
g3_tmoe_s2_1e17_karen,1e17,temporal,fine 18/192,1,4,0.99999,0.41387,0.46488
g3_tmoe_s2_1e17_karen,1e17,temporal,fine 18/192,1,5,0.99996,0.43454,0.49267
g3_tmoe_s2_1e17_karen,1e17,temporal,fine 18/192,1,6,0.99997,0.46693,0.52868
g3_tmoe_s2_1e17_karen,1e17,temporal,fine 18/192,1,all,0.99997,0.39885,0.44365
g3_tmoe_s2_1e17_karen,1e17,temporal,fine 18/192,0.5,2,0.99997,0.47034,0.50894
g3_tmoe_s2_1e17_karen,1e17,temporal,fine 18/192,0.5,3,0.99997,0.53606,0.58533
g3_tmoe_s2_1e17_karen,1e17,temporal,fine 18/192,0.5,4,0.99970,0.57266,0.63241
g3_tmoe_s2_1e17_karen,1e17,temporal,fine 18/192,0.5,5,0.99979,0.57830,0.64217
g3_tmoe_s2_1e17_karen,1e17,temporal,fine 18/192,0.5,6,0.99969,0.60517,0.67542
g3_tmoe_s2_1e17_karen,1e17,temporal,fine 18/192,0.5,all,0.99982,0.55251,0.60885
g3_tmoe_s2_1e17_karen,1e17,temporal,fine 18/192,0.25,2,0.99921,0.64466,0.67493
g3_tmoe_s2_1e17_karen,1e17,temporal,fine 18/192,0.25,3,0.99895,0.70583,0.74202
g3_tmoe_s2_1e17_karen,1e17,temporal,fine 18/192,0.25,4,0.99695,0.72881,0.77352
g3_tmoe_s2_1e17_karen,1e17,temporal,fine 18/192,0.25,5,0.99622,0.72548,0.77233
g3_tmoe_s2_1e17_karen,1e17,temporal,fine 18/192,0.25,6,0.99394,0.74126,0.79292
g3_tmoe_s2_1e17_karen,1e17,temporal,fine 18/192,0.25,all,0.99705,0.70921,0.75114
g3_tmoe_s2_1e17_karen,1e17,temporal,fine 18/192,0.1,2,0.96831,0.86057,0.87405
g3_tmoe_s2_1e17_karen,1e17,temporal,fine 18/192,0.1,3,0.92607,0.89172,0.90681
g3_tmoe_s2_1e17_karen,1e17,temporal,fine 18/192,0.1,4,0.90388,0.89917,0.91803
g3_tmoe_s2_1e17_karen,1e17,temporal,fine 18/192,0.1,5,0.90277,0.89670,0.91610
g3_tmoe_s2_1e17_karen,1e17,temporal,fine 18/192,0.1,6,0.89753,0.89743,0.91980
g3_tmoe_s2_1e17_karen,1e17,temporal,fine 18/192,0.1,all,0.91971,0.88912,0.90696
moe_coarse_1e19,1e19,full,coarse 6/64,1,2,1.00000,0.11655,0.11955
moe_coarse_1e19,1e19,full,coarse 6/64,1,3,1.00000,0.12809,0.13208
moe_coarse_1e19,1e19,full,coarse 6/64,1,4,1.00000,0.12613,0.13079
moe_coarse_1e19,1e19,full,coarse 6/64,1,5,1.00000,0.13978,0.15099
moe_coarse_1e19,1e19,full,coarse 6/64,1,6,1.00000,0.16075,0.17717
moe_coarse_1e19,1e19,full,coarse 6/64,1,7,0.99994,0.17274,0.19080
moe_coarse_1e19,1e19,full,coarse 6/64,1,8,1.00000,0.17545,0.19712
moe_coarse_1e19,1e19,full,coarse 6/64,1,9,1.00000,0.16822,0.18473
moe_coarse_1e19,1e19,full,coarse 6/64,1,10,1.00000,0.17162,0.19066
moe_coarse_1e19,1e19,full,coarse 6/64,1,11,0.99994,0.18168,0.20510
moe_coarse_1e19,1e19,full,coarse 6/64,1,12,0.99976,0.19780,0.22382
moe_coarse_1e19,1e19,full,coarse 6/64,1,13,0.99994,0.19934,0.22964
moe_coarse_1e19,1e19,full,coarse 6/64,1,14,0.99933,0.25028,0.28677
moe_coarse_1e19,1e19,full,coarse 6/64,1,all,0.99992,0.16834,0.18609
moe_coarse_1e19,1e19,full,coarse 6/64,0.5,2,0.99969,0.28067,0.28804
moe_coarse_1e19,1e19,full,coarse 6/64,0.5,3,0.99982,0.28592,0.29784
moe_coarse_1e19,1e19,full,coarse 6/64,0.5,4,0.99988,0.29048,0.30512
moe_coarse_1e19,1e19,full,coarse 6/64,0.5,5,0.99957,0.31193,0.33627
moe_coarse_1e19,1e19,full,coarse 6/64,0.5,6,0.99890,0.34306,0.37619
moe_coarse_1e19,1e19,full,coarse 6/64,0.5,7,0.99902,0.35919,0.40087
moe_coarse_1e19,1e19,full,coarse 6/64,0.5,8,0.99823,0.35666,0.39628
moe_coarse_1e19,1e19,full,coarse 6/64,0.5,9,0.99878,0.34401,0.38607
moe_coarse_1e19,1e19,full,coarse 6/64,0.5,10,0.99853,0.35376,0.39623
moe_coarse_1e19,1e19,full,coarse 6/64,0.5,11,0.99817,0.35675,0.40622
moe_coarse_1e19,1e19,full,coarse 6/64,0.5,12,0.99737,0.38132,0.43085
moe_coarse_1e19,1e19,full,coarse 6/64,0.5,13,0.99560,0.38339,0.43528
moe_coarse_1e19,1e19,full,coarse 6/64,0.5,14,0.99340,0.44725,0.52108
moe_coarse_1e19,1e19,full,coarse 6/64,0.5,all,0.99823,0.34572,0.38280
moe_coarse_1e19,1e19,full,coarse 6/64,0.25,2,0.99359,0.46211,0.47000
moe_coarse_1e19,1e19,full,coarse 6/64,0.25,3,0.99377,0.47288,0.48637
moe_coarse_1e19,1e19,full,coarse 6/64,0.25,4,0.99243,0.49344,0.51193
moe_coarse_1e19,1e19,full,coarse 6/64,0.25,5,0.98773,0.52577,0.55327
moe_coarse_1e19,1e19,full,coarse 6/64,0.25,6,0.97918,0.56772,0.60178
moe_coarse_1e19,1e19,full,coarse 6/64,0.25,7,0.97783,0.58033,0.62469
moe_coarse_1e19,1e19,full,coarse 6/64,0.25,8,0.97331,0.57616,0.61700
moe_coarse_1e19,1e19,full,coarse 6/64,0.25,9,0.98247,0.56754,0.61125
moe_coarse_1e19,1e19,full,coarse 6/64,0.25,10,0.97734,0.58227,0.62881
moe_coarse_1e19,1e19,full,coarse 6/64,0.25,11,0.97765,0.57787,0.62989
moe_coarse_1e19,1e19,full,coarse 6/64,0.25,12,0.96489,0.60788,0.65721
moe_coarse_1e19,1e19,full,coarse 6/64,0.25,13,0.96232,0.60622,0.65672
moe_coarse_1e19,1e19,full,coarse 6/64,0.25,14,0.94284,0.65699,0.72633
moe_coarse_1e19,1e19,full,coarse 6/64,0.25,all,0.97734,0.55978,0.59810
moe_coarse_1e19,1e19,full,coarse 6/64,0.1,2,0.90993,0.70200,0.70708
moe_coarse_1e19,1e19,full,coarse 6/64,0.1,3,0.90590,0.70928,0.71838
moe_coarse_1e19,1e19,full,coarse 6/64,0.1,4,0.88679,0.73850,0.75198
moe_coarse_1e19,1e19,full,coarse 6/64,0.1,5,0.84929,0.77021,0.78777
moe_coarse_1e19,1e19,full,coarse 6/64,0.1,6,0.80899,0.79638,0.81731
moe_coarse_1e19,1e19,full,coarse 6/64,0.1,7,0.80319,0.79798,0.82551
moe_coarse_1e19,1e19,full,coarse 6/64,0.1,8,0.79995,0.80031,0.82467
moe_coarse_1e19,1e19,full,coarse 6/64,0.1,9,0.80795,0.80065,0.82561
moe_coarse_1e19,1e19,full,coarse 6/64,0.1,10,0.79757,0.80473,0.83271
moe_coarse_1e19,1e19,full,coarse 6/64,0.1,11,0.79922,0.80546,0.83581
moe_coarse_1e19,1e19,full,coarse 6/64,0.1,12,0.75122,0.82449,0.85282
moe_coarse_1e19,1e19,full,coarse 6/64,0.1,13,0.74762,0.82476,0.85193
moe_coarse_1e19,1e19,full,coarse 6/64,0.1,14,0.69046,0.84717,0.88608
moe_coarse_1e19,1e19,full,coarse 6/64,0.1,all,0.81216,0.78630,0.80905
temporal_fine_g3_1e19,1e19,temporal,fine 18/192,1,2,1.00000,0.11211,0.11560
temporal_fine_g3_1e19,1e19,temporal,fine 18/192,1,3,1.00000,0.13506,0.15688
temporal_fine_g3_1e19,1e19,temporal,fine 18/192,1,4,1.00000,0.15953,0.18893
temporal_fine_g3_1e19,1e19,temporal,fine 18/192,1,5,1.00000,0.18248,0.21997
temporal_fine_g3_1e19,1e19,temporal,fine 18/192,1,6,1.00000,0.19442,0.23235
temporal_fine_g3_1e19,1e19,temporal,fine 18/192,1,7,1.00000,0.20604,0.24712
temporal_fine_g3_1e19,1e19,temporal,fine 18/192,1,8,1.00000,0.22889,0.28310
temporal_fine_g3_1e19,1e19,temporal,fine 18/192,1,9,1.00000,0.24464,0.29353
temporal_fine_g3_1e19,1e19,temporal,fine 18/192,1,10,1.00000,0.28602,0.34014
temporal_fine_g3_1e19,1e19,temporal,fine 18/192,1,11,1.00000,0.30152,0.36510
temporal_fine_g3_1e19,1e19,temporal,fine 18/192,1,12,1.00000,0.29937,0.36414
temporal_fine_g3_1e19,1e19,temporal,fine 18/192,1,13,1.00000,0.32549,0.39026
temporal_fine_g3_1e19,1e19,temporal,fine 18/192,1,14,1.00000,0.38440,0.45733
temporal_fine_g3_1e19,1e19,temporal,fine 18/192,1,all,1.00000,0.23538,0.28111
temporal_fine_g3_1e19,1e19,temporal,fine 18/192,0.5,2,1.00000,0.20419,0.21305
temporal_fine_g3_1e19,1e19,temporal,fine 18/192,0.5,3,1.00000,0.23446,0.26596
temporal_fine_g3_1e19,1e19,temporal,fine 18/192,0.5,4,1.00000,0.26426,0.30330
temporal_fine_g3_1e19,1e19,temporal,fine 18/192,0.5,5,1.00000,0.28131,0.32798
temporal_fine_g3_1e19,1e19,temporal,fine 18/192,0.5,6,1.00000,0.30245,0.35319
temporal_fine_g3_1e19,1e19,temporal,fine 18/192,0.5,7,1.00000,0.31246,0.36916
temporal_fine_g3_1e19,1e19,temporal,fine 18/192,0.5,8,1.00000,0.33391,0.40259
temporal_fine_g3_1e19,1e19,temporal,fine 18/192,0.5,9,1.00000,0.36000,0.42880
temporal_fine_g3_1e19,1e19,temporal,fine 18/192,0.5,10,1.00000,0.40910,0.48304
temporal_fine_g3_1e19,1e19,temporal,fine 18/192,0.5,11,1.00000,0.43111,0.51542
temporal_fine_g3_1e19,1e19,temporal,fine 18/192,0.5,12,1.00000,0.42610,0.51369
temporal_fine_g3_1e19,1e19,temporal,fine 18/192,0.5,13,1.00000,0.46337,0.55182
temporal_fine_g3_1e19,1e19,temporal,fine 18/192,0.5,14,1.00000,0.53415,0.62456
temporal_fine_g3_1e19,1e19,temporal,fine 18/192,0.5,all,1.00000,0.35053,0.41173
temporal_fine_g3_1e19,1e19,temporal,fine 18/192,0.25,2,1.00000,0.32492,0.33509
temporal_fine_g3_1e19,1e19,temporal,fine 18/192,0.25,3,1.00000,0.37029,0.39717
temporal_fine_g3_1e19,1e19,temporal,fine 18/192,0.25,4,1.00000,0.40369,0.43657
temporal_fine_g3_1e19,1e19,temporal,fine 18/192,0.25,5,1.00000,0.41006,0.44835
temporal_fine_g3_1e19,1e19,temporal,fine 18/192,0.25,6,1.00000,0.43952,0.48262
temporal_fine_g3_1e19,1e19,temporal,fine 18/192,0.25,7,1.00000,0.45135,0.49863
temporal_fine_g3_1e19,1e19,temporal,fine 18/192,0.25,8,1.00000,0.46759,0.52263
temporal_fine_g3_1e19,1e19,temporal,fine 18/192,0.25,9,1.00000,0.50163,0.55766
temporal_fine_g3_1e19,1e19,temporal,fine 18/192,0.25,10,1.00000,0.55105,0.61088
temporal_fine_g3_1e19,1e19,temporal,fine 18/192,0.25,11,1.00000,0.57256,0.64220
temporal_fine_g3_1e19,1e19,temporal,fine 18/192,0.25,12,0.99969,0.57103,0.64177
temporal_fine_g3_1e19,1e19,temporal,fine 18/192,0.25,13,0.99994,0.61016,0.68534
temporal_fine_g3_1e19,1e19,temporal,fine 18/192,0.25,14,0.99902,0.68352,0.75619
temporal_fine_g3_1e19,1e19,temporal,fine 18/192,0.25,all,0.99990,0.48903,0.53962
temporal_fine_g3_1e19,1e19,temporal,fine 18/192,0.1,2,0.99976,0.56177,0.56941
temporal_fine_g3_1e19,1e19,temporal,fine 18/192,0.1,3,0.99982,0.62180,0.63801
temporal_fine_g3_1e19,1e19,temporal,fine 18/192,0.1,4,0.99933,0.64474,0.66427
temporal_fine_g3_1e19,1e19,temporal,fine 18/192,0.1,5,0.99951,0.64648,0.66788
temporal_fine_g3_1e19,1e19,temporal,fine 18/192,0.1,6,0.99902,0.67995,0.70444
temporal_fine_g3_1e19,1e19,temporal,fine 18/192,0.1,7,0.99835,0.69348,0.72056
temporal_fine_g3_1e19,1e19,temporal,fine 18/192,0.1,8,0.99841,0.70023,0.72894
temporal_fine_g3_1e19,1e19,temporal,fine 18/192,0.1,9,0.99511,0.73524,0.76554
temporal_fine_g3_1e19,1e19,temporal,fine 18/192,0.1,10,0.99053,0.77438,0.80511
temporal_fine_g3_1e19,1e19,temporal,fine 18/192,0.1,11,0.98852,0.79085,0.82663
temporal_fine_g3_1e19,1e19,temporal,fine 18/192,0.1,12,0.98797,0.78927,0.82513
temporal_fine_g3_1e19,1e19,temporal,fine 18/192,0.1,13,0.97844,0.81877,0.85724
temporal_fine_g3_1e19,1e19,temporal,fine 18/192,0.1,14,0.94797,0.86692,0.90137
temporal_fine_g3_1e19,1e19,temporal,fine 18/192,0.1,all,0.99098,0.71722,0.74420
