run,iteration,train_lm_loss,final_test_ce,seed
flame512_dense,5,1.052880E+01,,1234
flame512_dense,10,9.639944E+00,,1234
flame512_dense,15,8.896849E+00,,1234
flame512_dense,20,8.211534E+00,,1234
flame512_dense,25,7.674590E+00,,1234
flame512_dense,30,7.290729E+00,,1234
flame512_dense,35,7.034879E+00,,1234
flame512_dense,40,6.879397E+00,,1234
flame512_dense,45,6.735834E+00,,1234
flame512_dense,50,6.618399E+00,,1234
flame512_dense,55,6.501471E+00,,1234
flame512_dense,60,6.432790E+00,,1234
flame512_dense,65,6.364982E+00,,1234
flame512_dense,70,6.320304E+00,,1234
flame512_dense,75,6.278860E+00,,1234
flame512_dense,80,6.233253E+00,,1234
flame512_dense,85,6.171352E+00,,1234
flame512_dense,90,6.119545E+00,,1234
flame512_dense,95,6.079462E+00,,1234
flame512_dense,100,6.036903E+00,,1234
flame512_dense,105,5.984191E+00,,1234
flame512_dense,110,5.940236E+00,,1234
flame512_dense,115,5.936694E+00,,1234
flame512_dense,120,5.894971E+00,,1234
flame512_dense,125,5.851115E+00,,1234
flame512_dense,130,5.801121E+00,,1234
flame512_dense,135,5.743044E+00,,1234
flame512_dense,140,5.715714E+00,,1234
flame512_dense,145,5.683819E+00,,1234
flame512_dense,150,5.659405E+00,,1234
flame512_dense,155,5.609389E+00,,1234
flame512_dense,160,5.579226E+00,,1234
flame512_dense,165,5.566363E+00,,1234
flame512_dense,170,5.522149E+00,,1234
flame512_dense,175,5.497992E+00,,1234
flame512_dense,180,5.463968E+00,,1234
flame512_dense,185,5.439253E+00,,1234
flame512_dense,190,5.399908E+00,,1234
flame512_dense,195,5.385822E+00,,1234
flame512_dense,200,5.356059E+00,,1234
flame512_dense,205,5.317983E+00,,1234
flame512_dense,210,5.311806E+00,,1234
flame512_dense,215,5.280985E+00,,1234
flame512_dense,220,5.266512E+00,,1234
flame512_dense,225,5.236049E+00,,1234
flame512_dense,230,5.208629E+00,,1234
flame512_dense,235,5.187582E+00,,1234
flame512_dense,240,5.160650E+00,,1234
flame512_dense,245,5.154334E+00,,1234
flame512_dense,250,5.126203E+00,,1234
flame512_dense,255,5.120278E+00,,1234
flame512_dense,260,5.116915E+00,,1234
flame512_dense,265,5.075519E+00,,1234
flame512_dense,270,5.062894E+00,,1234
flame512_dense,275,5.041319E+00,,1234
flame512_dense,280,5.037548E+00,,1234
flame512_dense,285,5.022958E+00,,1234
flame512_dense,290,4.999629E+00,,1234
flame512_dense,295,4.983974E+00,,1234
flame512_dense,300,4.962294E+00,,1234
flame512_dense,305,4.970655E+00,,1234
flame512_dense,310,4.957186E+00,,1234
flame512_dense,315,4.938268E+00,,1234
flame512_dense,320,4.913919E+00,,1234
flame512_dense,325,4.905371E+00,,1234
flame512_dense,330,4.894211E+00,,1234
flame512_dense,335,4.878877E+00,,1234
flame512_dense,340,4.866413E+00,,1234
flame512_dense,345,4.862601E+00,,1234
flame512_dense,350,4.850896E+00,,1234
flame512_dense,355,4.841309E+00,,1234
flame512_dense,360,4.829321E+00,,1234
flame512_dense,365,4.818325E+00,,1234
flame512_dense,370,4.804679E+00,,1234
flame512_dense,375,4.797403E+00,,1234
flame512_dense,380,4.774579E+00,,1234
flame512_dense,385,4.757609E+00,,1234
flame512_dense,390,4.764225E+00,,1234
flame512_dense,395,4.758139E+00,,1234
flame512_dense,400,4.747263E+00,,1234
flame512_dense,405,4.741399E+00,,1234
flame512_dense,410,4.737657E+00,,1234
flame512_dense,415,4.717674E+00,,1234
flame512_dense,420,4.704377E+00,,1234
flame512_dense,425,4.692419E+00,,1234
flame512_dense,430,4.688623E+00,,1234
flame512_dense,435,4.679227E+00,,1234
flame512_dense,440,4.669028E+00,,1234
flame512_dense,445,4.653769E+00,,1234
flame512_dense,450,4.649360E+00,,1234
flame512_dense,455,4.641200E+00,,1234
flame512_dense,460,4.644440E+00,,1234
flame512_dense,465,4.656696E+00,,1234
flame512_dense,470,4.657260E+00,,1234
flame512_dense,475,4.638717E+00,,1234
flame512_dense,480,4.615060E+00,,1234
flame512_dense,485,4.604235E+00,,1234
flame512_dense,490,4.585528E+00,,1234
flame512_dense,495,4.586736E+00,,1234
flame512_dense,500,4.566920E+00,,1234
flame512_dense,505,4.573644E+00,,1234
flame512_dense,510,4.569337E+00,,1234
flame512_dense,515,4.564080E+00,,1234
flame512_dense,520,4.558804E+00,,1234
flame512_dense,525,4.557393E+00,,1234
flame512_dense,530,4.536483E+00,,1234
flame512_dense,535,4.529935E+00,,1234
flame512_dense,540,4.525864E+00,,1234
flame512_dense,545,4.525301E+00,,1234
flame512_dense,550,4.507444E+00,,1234
flame512_dense,555,4.509779E+00,,1234
flame512_dense,560,4.494678E+00,,1234
flame512_dense,565,4.499689E+00,,1234
flame512_dense,570,4.480973E+00,,1234
flame512_dense,575,4.493396E+00,,1234
flame512_dense,580,4.497163E+00,,1234
flame512_dense,585,4.473218E+00,,1234
flame512_dense,590,4.464912E+00,,1234
flame512_dense,595,4.451543E+00,,1234
flame512_dense,600,4.449620E+00,,1234
flame512_dense,605,4.435391E+00,,1234
flame512_dense,610,4.441355E+00,,1234
flame512_dense,615,4.422905E+00,,1234
flame512_dense,620,4.419306E+00,,1234
flame512_dense,625,4.421114E+00,,1234
flame512_dense,630,4.418305E+00,,1234
flame512_dense,635,4.403035E+00,,1234
flame512_dense,640,4.401379E+00,,1234
flame512_dense,645,4.396165E+00,,1234
flame512_dense,650,4.407116E+00,,1234
flame512_dense,655,4.388421E+00,,1234
flame512_dense,660,4.385820E+00,,1234
flame512_dense,665,4.376165E+00,,1234
flame512_dense,670,4.369403E+00,,1234
flame512_dense,675,4.364196E+00,,1234
flame512_dense,680,4.360608E+00,,1234
flame512_dense,685,4.357338E+00,,1234
flame512_dense,690,4.362037E+00,,1234
flame512_dense,695,4.350160E+00,,1234
flame512_dense,700,4.338246E+00,,1234
flame512_dense,705,4.341728E+00,,1234
flame512_dense,710,4.322352E+00,,1234
flame512_dense,715,4.316333E+00,,1234
flame512_dense,720,4.333480E+00,,1234
flame512_dense,725,4.357282E+00,,1234
flame512_dense,730,4.341954E+00,,1234
flame512_dense,735,4.324050E+00,,1234
flame512_dense,740,4.304998E+00,,1234
flame512_dense,745,4.305515E+00,,1234
flame512_dense,750,4.297897E+00,,1234
flame512_dense,755,4.287394E+00,,1234
flame512_dense,760,4.274384E+00,,1234
flame512_dense,765,4.272330E+00,,1234
flame512_dense,770,4.265961E+00,,1234
flame512_dense,775,4.261360E+00,,1234
flame512_dense,780,4.258604E+00,,1234
flame512_dense,785,4.257930E+00,,1234
flame512_dense,790,4.261714E+00,,1234
flame512_dense,795,4.256229E+00,,1234
flame512_dense,800,4.247824E+00,,1234
flame512_dense,802,,4.245448,1234
flame512_g1_moe,5,1.058088E+01,,1234
flame512_g1_moe,10,9.709676E+00,,1234
flame512_g1_moe,15,8.926585E+00,,1234
flame512_g1_moe,20,8.236729E+00,,1234
flame512_g1_moe,25,7.703247E+00,,1234
flame512_g1_moe,30,7.352153E+00,,1234
flame512_g1_moe,35,7.132691E+00,,1234
flame512_g1_moe,40,6.993092E+00,,1234
flame512_g1_moe,45,6.840899E+00,,1234
flame512_g1_moe,50,6.730050E+00,,1234
flame512_g1_moe,55,6.608112E+00,,1234
flame512_g1_moe,60,6.530231E+00,,1234
flame512_g1_moe,65,6.469392E+00,,1234
flame512_g1_moe,70,6.403394E+00,,1234
flame512_g1_moe,75,6.365410E+00,,1234
flame512_g1_moe,80,6.309992E+00,,1234
flame512_g1_moe,85,6.250373E+00,,1234
flame512_g1_moe,90,6.211908E+00,,1234
flame512_g1_moe,95,6.176989E+00,,1234
flame512_g1_moe,100,6.125867E+00,,1234
flame512_g1_moe,105,6.088687E+00,,1234
flame512_g1_moe,110,6.054662E+00,,1234
flame512_g1_moe,115,6.006207E+00,,1234
flame512_g1_moe,120,5.965755E+00,,1234
flame512_g1_moe,125,5.936692E+00,,1234
flame512_g1_moe,130,5.900729E+00,,1234
flame512_g1_moe,135,5.851974E+00,,1234
flame512_g1_moe,140,5.808739E+00,,1234
flame512_g1_moe,145,5.781501E+00,,1234
flame512_g1_moe,150,5.744154E+00,,1234
flame512_g1_moe,155,5.696469E+00,,1234
flame512_g1_moe,160,5.670016E+00,,1234
flame512_g1_moe,165,5.637507E+00,,1234
flame512_g1_moe,170,5.591682E+00,,1234
flame512_g1_moe,175,5.570861E+00,,1234
flame512_g1_moe,180,5.542115E+00,,1234
flame512_g1_moe,185,5.503010E+00,,1234
flame512_g1_moe,190,5.473503E+00,,1234
flame512_g1_moe,195,5.463342E+00,,1234
flame512_g1_moe,200,5.431953E+00,,1234
flame512_g1_moe,205,5.401418E+00,,1234
flame512_g1_moe,210,5.376809E+00,,1234
flame512_g1_moe,215,5.336118E+00,,1234
flame512_g1_moe,220,5.316093E+00,,1234
flame512_g1_moe,225,5.303615E+00,,1234
flame512_g1_moe,230,5.280375E+00,,1234
flame512_g1_moe,235,5.252441E+00,,1234
flame512_g1_moe,240,5.215586E+00,,1234
flame512_g1_moe,245,5.213683E+00,,1234
flame512_g1_moe,250,5.189736E+00,,1234
flame512_g1_moe,255,5.180023E+00,,1234
flame512_g1_moe,260,5.148831E+00,,1234
flame512_g1_moe,265,5.109131E+00,,1234
flame512_g1_moe,270,5.113662E+00,,1234
flame512_g1_moe,275,5.088672E+00,,1234
flame512_g1_moe,280,5.069117E+00,,1234
flame512_g1_moe,285,5.043209E+00,,1234
flame512_g1_moe,290,5.028381E+00,,1234
flame512_g1_moe,295,5.019226E+00,,1234
flame512_g1_moe,300,5.011070E+00,,1234
flame512_g1_moe,305,4.999089E+00,,1234
flame512_g1_moe,310,4.979775E+00,,1234
flame512_g1_moe,315,4.951717E+00,,1234
flame512_g1_moe,320,4.921932E+00,,1234
flame512_g1_moe,325,4.906356E+00,,1234
flame512_g1_moe,330,4.893930E+00,,1234
flame512_g1_moe,335,4.893000E+00,,1234
flame512_g1_moe,340,4.890156E+00,,1234
flame512_g1_moe,345,4.866595E+00,,1234
flame512_g1_moe,350,4.850417E+00,,1234
flame512_g1_moe,355,4.833390E+00,,1234
flame512_g1_moe,360,4.820028E+00,,1234
flame512_g1_moe,365,4.807057E+00,,1234
flame512_g1_moe,370,4.791914E+00,,1234
flame512_g1_moe,375,4.785474E+00,,1234
flame512_g1_moe,380,4.763815E+00,,1234
flame512_g1_moe,385,4.744768E+00,,1234
flame512_g1_moe,390,4.747748E+00,,1234
flame512_g1_moe,395,4.731313E+00,,1234
flame512_g1_moe,400,4.713869E+00,,1234
flame512_g1_moe,405,4.703388E+00,,1234
flame512_g1_moe,410,4.700408E+00,,1234
flame512_g1_moe,415,4.689098E+00,,1234
flame512_g1_moe,420,4.679508E+00,,1234
flame512_g1_moe,425,4.665693E+00,,1234
flame512_g1_moe,430,4.657812E+00,,1234
flame512_g1_moe,435,4.640068E+00,,1234
flame512_g1_moe,440,4.624958E+00,,1234
flame512_g1_moe,445,4.618271E+00,,1234
flame512_g1_moe,450,4.627233E+00,,1234
flame512_g1_moe,455,4.619925E+00,,1234
flame512_g1_moe,460,4.606987E+00,,1234
flame512_g1_moe,465,4.585826E+00,,1234
flame512_g1_moe,470,4.578342E+00,,1234
flame512_g1_moe,475,4.566512E+00,,1234
flame512_g1_moe,480,4.549205E+00,,1234
flame512_g1_moe,485,4.542894E+00,,1234
flame512_g1_moe,490,4.528048E+00,,1234
flame512_g1_moe,495,4.548413E+00,,1234
flame512_g1_moe,500,4.531086E+00,,1234
flame512_g1_moe,505,4.520811E+00,,1234
flame512_g1_moe,510,4.502651E+00,,1234
flame512_g1_moe,515,4.487068E+00,,1234
flame512_g1_moe,520,4.472207E+00,,1234
flame512_g1_moe,525,4.482398E+00,,1234
flame512_g1_moe,530,4.478532E+00,,1234
flame512_g1_moe,535,4.475253E+00,,1234
flame512_g1_moe,540,4.470642E+00,,1234
flame512_g1_moe,545,4.461842E+00,,1234
flame512_g1_moe,550,4.437311E+00,,1234
flame512_g1_moe,555,4.435746E+00,,1234
flame512_g1_moe,560,4.416192E+00,,1234
flame512_g1_moe,565,4.417705E+00,,1234
flame512_g1_moe,570,4.402111E+00,,1234
flame512_g1_moe,575,4.405240E+00,,1234
flame512_g1_moe,580,4.408918E+00,,1234
flame512_g1_moe,585,4.386672E+00,,1234
flame512_g1_moe,590,4.378953E+00,,1234
flame512_g1_moe,595,4.361080E+00,,1234
flame512_g1_moe,600,4.359758E+00,,1234
flame512_g1_moe,605,4.344527E+00,,1234
flame512_g1_moe,610,4.352694E+00,,1234
flame512_g1_moe,615,4.336322E+00,,1234
flame512_g1_moe,620,4.329877E+00,,1234
flame512_g1_moe,625,4.323837E+00,,1234
flame512_g1_moe,630,4.320593E+00,,1234
flame512_g1_moe,635,4.301979E+00,,1234
flame512_g1_moe,640,4.293736E+00,,1234
flame512_g1_moe,645,4.292429E+00,,1234
flame512_g1_moe,650,4.303706E+00,,1234
flame512_g1_moe,655,4.284745E+00,,1234
flame512_g1_moe,660,4.273464E+00,,1234
flame512_g1_moe,665,4.257582E+00,,1234
flame512_g1_moe,670,4.251566E+00,,1234
flame512_g1_moe,675,4.254969E+00,,1234
flame512_g1_moe,680,4.256126E+00,,1234
flame512_g1_moe,685,4.247538E+00,,1234
flame512_g1_moe,690,4.236559E+00,,1234
flame512_g1_moe,695,4.223325E+00,,1234
flame512_g1_moe,700,4.215009E+00,,1234
flame512_g1_moe,705,4.221978E+00,,1234
flame512_g1_moe,710,4.202882E+00,,1234
flame512_g1_moe,715,4.194758E+00,,1234
flame512_g1_moe,720,4.195106E+00,,1234
flame512_g1_moe,725,4.198672E+00,,1234
flame512_g1_moe,730,4.176062E+00,,1234
flame512_g1_moe,735,4.167836E+00,,1234
flame512_g1_moe,740,4.154815E+00,,1234
flame512_g1_moe,745,4.158154E+00,,1234
flame512_g1_moe,750,4.152420E+00,,1234
flame512_g1_moe,755,4.142900E+00,,1234
flame512_g1_moe,760,4.130086E+00,,1234
flame512_g1_moe,765,4.128535E+00,,1234
flame512_g1_moe,770,4.120718E+00,,1234
flame512_g1_moe,775,4.117088E+00,,1234
flame512_g1_moe,780,4.114588E+00,,1234
flame512_g1_moe,785,4.113343E+00,,1234
flame512_g1_moe,790,4.115769E+00,,1234
flame512_g1_moe,795,4.111118E+00,,1234
flame512_g1_moe,800,4.102522E+00,,1234
flame512_g1_moe,802,,4.099431,1234
flame512_g1_temporal,5,1.057595E+01,,1234
flame512_g1_temporal,10,9.707939E+00,,1234
flame512_g1_temporal,15,8.914792E+00,,1234
flame512_g1_temporal,20,8.205180E+00,,1234
flame512_g1_temporal,25,7.655453E+00,,1234
flame512_g1_temporal,30,7.292442E+00,,1234
flame512_g1_temporal,35,7.082172E+00,,1234
flame512_g1_temporal,40,6.905082E+00,,1234
flame512_g1_temporal,45,6.752705E+00,,1234
flame512_g1_temporal,50,6.631860E+00,,1234
flame512_g1_temporal,55,6.504251E+00,,1234
flame512_g1_temporal,60,6.425756E+00,,1234
flame512_g1_temporal,65,6.355088E+00,,1234
flame512_g1_temporal,70,6.313411E+00,,1234
flame512_g1_temporal,75,6.255165E+00,,1234
flame512_g1_temporal,80,6.205501E+00,,1234
flame512_g1_temporal,85,6.162397E+00,,1234
flame512_g1_temporal,90,6.116432E+00,,1234
flame512_g1_temporal,95,6.084064E+00,,1234
flame512_g1_temporal,100,6.042318E+00,,1234
flame512_g1_temporal,105,5.996730E+00,,1234
flame512_g1_temporal,110,5.954991E+00,,1234
flame512_g1_temporal,115,5.915067E+00,,1234
flame512_g1_temporal,120,5.884276E+00,,1234
flame512_g1_temporal,125,5.858620E+00,,1234
flame512_g1_temporal,130,5.809692E+00,,1234
flame512_g1_temporal,135,5.763676E+00,,1234
flame512_g1_temporal,140,5.743263E+00,,1234
flame512_g1_temporal,145,5.711893E+00,,1234
flame512_g1_temporal,150,5.673112E+00,,1234
flame512_g1_temporal,155,5.646612E+00,,1234
flame512_g1_temporal,160,5.613692E+00,,1234
flame512_g1_temporal,165,5.579953E+00,,1234
flame512_g1_temporal,170,5.549737E+00,,1234
flame512_g1_temporal,175,5.527388E+00,,1234
flame512_g1_temporal,180,5.495253E+00,,1234
flame512_g1_temporal,185,5.460384E+00,,1234
flame512_g1_temporal,190,5.466601E+00,,1234
flame512_g1_temporal,195,5.438546E+00,,1234
flame512_g1_temporal,200,5.395935E+00,,1234
flame512_g1_temporal,205,5.349516E+00,,1234
flame512_g1_temporal,210,5.343614E+00,,1234
flame512_g1_temporal,215,5.316286E+00,,1234
flame512_g1_temporal,220,5.310547E+00,,1234
flame512_g1_temporal,225,5.266886E+00,,1234
flame512_g1_temporal,230,5.237401E+00,,1234
flame512_g1_temporal,235,5.221165E+00,,1234
flame512_g1_temporal,240,5.204697E+00,,1234
flame512_g1_temporal,245,5.179582E+00,,1234
flame512_g1_temporal,250,5.153100E+00,,1234
flame512_g1_temporal,255,5.132104E+00,,1234
flame512_g1_temporal,260,5.122259E+00,,1234
flame512_g1_temporal,265,5.091883E+00,,1234
flame512_g1_temporal,270,5.078259E+00,,1234
flame512_g1_temporal,275,5.051322E+00,,1234
flame512_g1_temporal,280,5.038960E+00,,1234
flame512_g1_temporal,285,5.018627E+00,,1234
flame512_g1_temporal,290,4.998485E+00,,1234
flame512_g1_temporal,295,4.983785E+00,,1234
flame512_g1_temporal,300,4.967425E+00,,1234
flame512_g1_temporal,305,4.965662E+00,,1234
flame512_g1_temporal,310,4.943437E+00,,1234
flame512_g1_temporal,315,4.922208E+00,,1234
flame512_g1_temporal,320,4.899528E+00,,1234
flame512_g1_temporal,325,4.889897E+00,,1234
flame512_g1_temporal,330,4.876963E+00,,1234
flame512_g1_temporal,335,4.867353E+00,,1234
flame512_g1_temporal,340,4.849348E+00,,1234
flame512_g1_temporal,345,4.837853E+00,,1234
flame512_g1_temporal,350,4.820607E+00,,1234
flame512_g1_temporal,355,4.808489E+00,,1234
flame512_g1_temporal,360,4.785363E+00,,1234
flame512_g1_temporal,365,4.771770E+00,,1234
flame512_g1_temporal,370,4.765903E+00,,1234
flame512_g1_temporal,375,4.760580E+00,,1234
flame512_g1_temporal,380,4.744032E+00,,1234
flame512_g1_temporal,385,4.727403E+00,,1234
flame512_g1_temporal,390,4.727605E+00,,1234
flame512_g1_temporal,395,4.705870E+00,,1234
flame512_g1_temporal,400,4.688456E+00,,1234
flame512_g1_temporal,405,4.681399E+00,,1234
flame512_g1_temporal,410,4.686705E+00,,1234
flame512_g1_temporal,415,4.678101E+00,,1234
flame512_g1_temporal,420,4.655525E+00,,1234
flame512_g1_temporal,425,4.636909E+00,,1234
flame512_g1_temporal,430,4.628100E+00,,1234
flame512_g1_temporal,435,4.615884E+00,,1234
flame512_g1_temporal,440,4.603151E+00,,1234
flame512_g1_temporal,445,4.597255E+00,,1234
flame512_g1_temporal,450,4.588364E+00,,1234
flame512_g1_temporal,455,4.575798E+00,,1234
flame512_g1_temporal,460,4.569077E+00,,1234
flame512_g1_temporal,465,4.566860E+00,,1234
flame512_g1_temporal,470,4.557841E+00,,1234
flame512_g1_temporal,475,4.544508E+00,,1234
flame512_g1_temporal,480,4.529767E+00,,1234
flame512_g1_temporal,485,4.523219E+00,,1234
flame512_g1_temporal,490,4.503907E+00,,1234
flame512_g1_temporal,495,4.508119E+00,,1234
flame512_g1_temporal,500,4.485733E+00,,1234
flame512_g1_temporal,505,4.484465E+00,,1234
flame512_g1_temporal,510,4.472404E+00,,1234
flame512_g1_temporal,515,4.460748E+00,,1234
flame512_g1_temporal,520,4.443851E+00,,1234
flame512_g1_temporal,525,4.441603E+00,,1234
flame512_g1_temporal,530,4.427053E+00,,1234
flame512_g1_temporal,535,4.420590E+00,,1234
flame512_g1_temporal,540,4.417090E+00,,1234
flame512_g1_temporal,545,4.420774E+00,,1234
flame512_g1_temporal,550,4.400127E+00,,1234
flame512_g1_temporal,555,4.405739E+00,,1234
flame512_g1_temporal,560,4.387686E+00,,1234
flame512_g1_temporal,565,4.380052E+00,,1234
flame512_g1_temporal,570,4.358878E+00,,1234
flame512_g1_temporal,575,4.360415E+00,,1234
flame512_g1_temporal,580,4.354060E+00,,1234
flame512_g1_temporal,585,4.336609E+00,,1234
flame512_g1_temporal,590,4.337322E+00,,1234
flame512_g1_temporal,595,4.332372E+00,,1234
flame512_g1_temporal,600,4.337040E+00,,1234
flame512_g1_temporal,605,4.318089E+00,,1234
flame512_g1_temporal,610,4.315682E+00,,1234
flame512_g1_temporal,615,4.296194E+00,,1234
flame512_g1_temporal,620,4.289814E+00,,1234
flame512_g1_temporal,625,4.288264E+00,,1234
flame512_g1_temporal,630,4.284621E+00,,1234
flame512_g1_temporal,635,4.268907E+00,,1234
flame512_g1_temporal,640,4.263490E+00,,1234
flame512_g1_temporal,645,4.255850E+00,,1234
flame512_g1_temporal,650,4.268509E+00,,1234
flame512_g1_temporal,655,4.250534E+00,,1234
flame512_g1_temporal,660,4.245004E+00,,1234
flame512_g1_temporal,665,4.231973E+00,,1234
flame512_g1_temporal,670,4.228349E+00,,1234
flame512_g1_temporal,675,4.233805E+00,,1234
flame512_g1_temporal,680,4.227602E+00,,1234
flame512_g1_temporal,685,4.218855E+00,,1234
flame512_g1_temporal,690,4.213399E+00,,1234
flame512_g1_temporal,695,4.202486E+00,,1234
flame512_g1_temporal,700,4.193553E+00,,1234
flame512_g1_temporal,705,4.202213E+00,,1234
flame512_g1_temporal,710,4.182126E+00,,1234
flame512_g1_temporal,715,4.175785E+00,,1234
flame512_g1_temporal,720,4.181124E+00,,1234
flame512_g1_temporal,725,4.179409E+00,,1234
flame512_g1_temporal,730,4.161708E+00,,1234
flame512_g1_temporal,735,4.156528E+00,,1234
flame512_g1_temporal,740,4.144996E+00,,1234
flame512_g1_temporal,745,4.149563E+00,,1234
flame512_g1_temporal,750,4.146042E+00,,1234
flame512_g1_temporal,755,4.136504E+00,,1234
flame512_g1_temporal,760,4.125111E+00,,1234
flame512_g1_temporal,765,4.124355E+00,,1234
flame512_g1_temporal,770,4.116775E+00,,1234
flame512_g1_temporal,775,4.113980E+00,,1234
flame512_g1_temporal,780,4.111655E+00,,1234
flame512_g1_temporal,785,4.111422E+00,,1234
flame512_g1_temporal,790,4.113305E+00,,1234
flame512_g1_temporal,795,4.109264E+00,,1234
flame512_g1_temporal,800,4.101323E+00,,1234
flame512_g1_temporal,802,,4.098233,1234
flame512_g3_moe,5,1.058167E+01,,1234
flame512_g3_moe,10,9.709686E+00,,1234
flame512_g3_moe,15,8.928648E+00,,1234
flame512_g3_moe,20,8.238783E+00,,1234
flame512_g3_moe,25,7.711349E+00,,1234
flame512_g3_moe,30,7.362881E+00,,1234
flame512_g3_moe,35,7.146480E+00,,1234
flame512_g3_moe,40,7.043044E+00,,1234
flame512_g3_moe,45,6.888373E+00,,1234
flame512_g3_moe,50,6.761437E+00,,1234
flame512_g3_moe,55,6.630022E+00,,1234
flame512_g3_moe,60,6.582494E+00,,1234
flame512_g3_moe,65,6.505931E+00,,1234
flame512_g3_moe,70,6.434348E+00,,1234
flame512_g3_moe,75,6.384931E+00,,1234
flame512_g3_moe,80,6.359020E+00,,1234
flame512_g3_moe,85,6.331202E+00,,1234
flame512_g3_moe,90,6.256777E+00,,1234
flame512_g3_moe,95,6.217871E+00,,1234
flame512_g3_moe,100,6.175661E+00,,1234
flame512_g3_moe,105,6.163219E+00,,1234
flame512_g3_moe,110,6.119313E+00,,1234
flame512_g3_moe,115,6.074177E+00,,1234
flame512_g3_moe,120,6.034668E+00,,1234
flame512_g3_moe,125,6.001554E+00,,1234
flame512_g3_moe,130,5.978952E+00,,1234
flame512_g3_moe,135,5.928446E+00,,1234
flame512_g3_moe,140,5.895857E+00,,1234
flame512_g3_moe,145,5.856856E+00,,1234
flame512_g3_moe,150,5.818514E+00,,1234
flame512_g3_moe,155,5.787598E+00,,1234
flame512_g3_moe,160,5.758604E+00,,1234
flame512_g3_moe,165,5.721228E+00,,1234
flame512_g3_moe,170,5.694093E+00,,1234
flame512_g3_moe,175,5.656364E+00,,1234
flame512_g3_moe,180,5.624528E+00,,1234
flame512_g3_moe,185,5.603407E+00,,1234
flame512_g3_moe,190,5.579706E+00,,1234
flame512_g3_moe,195,5.549756E+00,,1234
flame512_g3_moe,200,5.517279E+00,,1234
flame512_g3_moe,205,5.484632E+00,,1234
flame512_g3_moe,210,5.478336E+00,,1234
flame512_g3_moe,215,5.448471E+00,,1234
flame512_g3_moe,220,5.422585E+00,,1234
flame512_g3_moe,225,5.384585E+00,,1234
flame512_g3_moe,230,5.357919E+00,,1234
flame512_g3_moe,235,5.346600E+00,,1234
flame512_g3_moe,240,5.308789E+00,,1234
flame512_g3_moe,245,5.308577E+00,,1234
flame512_g3_moe,250,5.286608E+00,,1234
flame512_g3_moe,255,5.278717E+00,,1234
flame512_g3_moe,260,5.246106E+00,,1234
flame512_g3_moe,265,5.200571E+00,,1234
flame512_g3_moe,270,5.196383E+00,,1234
flame512_g3_moe,275,5.185706E+00,,1234
flame512_g3_moe,280,5.169713E+00,,1234
flame512_g3_moe,285,5.139848E+00,,1234
flame512_g3_moe,290,5.134742E+00,,1234
flame512_g3_moe,295,5.126724E+00,,1234
flame512_g3_moe,300,5.101480E+00,,1234
flame512_g3_moe,305,5.103025E+00,,1234
flame512_g3_moe,310,5.087349E+00,,1234
flame512_g3_moe,315,5.056074E+00,,1234
flame512_g3_moe,320,5.021924E+00,,1234
flame512_g3_moe,325,5.017516E+00,,1234
flame512_g3_moe,330,5.006338E+00,,1234
flame512_g3_moe,335,4.996921E+00,,1234
flame512_g3_moe,340,4.975174E+00,,1234
flame512_g3_moe,345,4.980739E+00,,1234
flame512_g3_moe,350,4.962060E+00,,1234
flame512_g3_moe,355,4.942200E+00,,1234
flame512_g3_moe,360,4.927990E+00,,1234
flame512_g3_moe,365,4.910691E+00,,1234
flame512_g3_moe,370,4.895714E+00,,1234
flame512_g3_moe,375,4.892908E+00,,1234
flame512_g3_moe,380,4.878135E+00,,1234
flame512_g3_moe,385,4.860165E+00,,1234
flame512_g3_moe,390,4.860179E+00,,1234
flame512_g3_moe,395,4.843964E+00,,1234
flame512_g3_moe,400,4.826202E+00,,1234
flame512_g3_moe,405,4.828517E+00,,1234
flame512_g3_moe,410,4.816910E+00,,1234
flame512_g3_moe,415,4.791137E+00,,1234
flame512_g3_moe,420,4.774340E+00,,1234
flame512_g3_moe,425,4.762622E+00,,1234
flame512_g3_moe,430,4.758912E+00,,1234
flame512_g3_moe,435,4.754069E+00,,1234
flame512_g3_moe,440,4.755790E+00,,1234
flame512_g3_moe,445,4.741215E+00,,1234
flame512_g3_moe,450,4.721148E+00,,1234
flame512_g3_moe,455,4.705714E+00,,1234
flame512_g3_moe,460,4.713299E+00,,1234
flame512_g3_moe,465,4.711743E+00,,1234
flame512_g3_moe,470,4.697675E+00,,1234
flame512_g3_moe,475,4.677383E+00,,1234
flame512_g3_moe,480,4.663002E+00,,1234
flame512_g3_moe,485,4.670372E+00,,1234
flame512_g3_moe,490,4.648948E+00,,1234
flame512_g3_moe,495,4.640942E+00,,1234
flame512_g3_moe,500,4.618851E+00,,1234
flame512_g3_moe,505,4.620516E+00,,1234
flame512_g3_moe,510,4.619772E+00,,1234
flame512_g3_moe,515,4.619485E+00,,1234
flame512_g3_moe,520,4.598996E+00,,1234
flame512_g3_moe,525,4.591046E+00,,1234
flame512_g3_moe,530,4.567226E+00,,1234
flame512_g3_moe,535,4.566062E+00,,1234
flame512_g3_moe,540,4.571638E+00,,1234
flame512_g3_moe,545,4.570485E+00,,1234
flame512_g3_moe,550,4.555742E+00,,1234
flame512_g3_moe,555,4.556632E+00,,1234
flame512_g3_moe,560,4.534713E+00,,1234
flame512_g3_moe,565,4.531903E+00,,1234
flame512_g3_moe,570,4.514008E+00,,1234
flame512_g3_moe,575,4.515650E+00,,1234
flame512_g3_moe,580,4.516086E+00,,1234
flame512_g3_moe,585,4.495213E+00,,1234
flame512_g3_moe,590,4.483303E+00,,1234
flame512_g3_moe,595,4.472406E+00,,1234
flame512_g3_moe,600,4.472119E+00,,1234
flame512_g3_moe,605,4.468673E+00,,1234
flame512_g3_moe,610,4.476645E+00,,1234
flame512_g3_moe,615,4.454699E+00,,1234
flame512_g3_moe,620,4.440771E+00,,1234
flame512_g3_moe,625,4.437898E+00,,1234
flame512_g3_moe,630,4.435768E+00,,1234
flame512_g3_moe,635,4.413209E+00,,1234
flame512_g3_moe,640,4.408278E+00,,1234
flame512_g3_moe,645,4.405211E+00,,1234
flame512_g3_moe,650,4.423289E+00,,1234
flame512_g3_moe,655,4.413693E+00,,1234
flame512_g3_moe,660,4.402119E+00,,1234
flame512_g3_moe,665,4.384752E+00,,1234
flame512_g3_moe,670,4.373936E+00,,1234
flame512_g3_moe,675,4.367169E+00,,1234
flame512_g3_moe,680,4.366639E+00,,1234
flame512_g3_moe,685,4.360653E+00,,1234
flame512_g3_moe,690,4.359114E+00,,1234
flame512_g3_moe,695,4.351567E+00,,1234
flame512_g3_moe,700,4.349104E+00,,1234
flame512_g3_moe,705,4.347710E+00,,1234
flame512_g3_moe,710,4.325277E+00,,1234
flame512_g3_moe,715,4.323770E+00,,1234
flame512_g3_moe,720,4.325253E+00,,1234
flame512_g3_moe,725,4.321873E+00,,1234
flame512_g3_moe,730,4.296062E+00,,1234
flame512_g3_moe,735,4.289399E+00,,1234
flame512_g3_moe,740,4.276250E+00,,1234
flame512_g3_moe,745,4.280206E+00,,1234
flame512_g3_moe,750,4.273784E+00,,1234
flame512_g3_moe,755,4.265487E+00,,1234
flame512_g3_moe,760,4.251536E+00,,1234
flame512_g3_moe,765,4.249876E+00,,1234
flame512_g3_moe,770,4.243244E+00,,1234
flame512_g3_moe,775,4.238316E+00,,1234
flame512_g3_moe,780,4.236299E+00,,1234
flame512_g3_moe,785,4.233916E+00,,1234
flame512_g3_moe,790,4.237992E+00,,1234
flame512_g3_moe,795,4.232191E+00,,1234
flame512_g3_moe,800,4.223383E+00,,1234
flame512_g3_moe,802,,4.221056,1234
flame512_g3_temporal,5,1.058145E+01,,1234
flame512_g3_temporal,10,9.708185E+00,,1234
flame512_g3_temporal,15,8.901192E+00,,1234
flame512_g3_temporal,20,8.203743E+00,,1234
flame512_g3_temporal,25,7.665388E+00,,1234
flame512_g3_temporal,30,7.305709E+00,,1234
flame512_g3_temporal,35,7.072275E+00,,1234
flame512_g3_temporal,40,6.889693E+00,,1234
flame512_g3_temporal,45,6.745801E+00,,1234
flame512_g3_temporal,50,6.623228E+00,,1234
flame512_g3_temporal,55,6.494417E+00,,1234
flame512_g3_temporal,60,6.419051E+00,,1234
flame512_g3_temporal,65,6.346010E+00,,1234
flame512_g3_temporal,70,6.301195E+00,,1234
flame512_g3_temporal,75,6.253857E+00,,1234
flame512_g3_temporal,80,6.198506E+00,,1234
flame512_g3_temporal,85,6.146850E+00,,1234
flame512_g3_temporal,90,6.097902E+00,,1234
flame512_g3_temporal,95,6.080720E+00,,1234
flame512_g3_temporal,100,6.028437E+00,,1234
flame512_g3_temporal,105,5.982452E+00,,1234
flame512_g3_temporal,110,5.960779E+00,,1234
flame512_g3_temporal,115,5.937167E+00,,1234
flame512_g3_temporal,120,5.902927E+00,,1234
flame512_g3_temporal,125,5.863784E+00,,1234
flame512_g3_temporal,130,5.823005E+00,,1234
flame512_g3_temporal,135,5.799004E+00,,1234
flame512_g3_temporal,140,5.771322E+00,,1234
flame512_g3_temporal,145,5.729779E+00,,1234
flame512_g3_temporal,150,5.721733E+00,,1234
flame512_g3_temporal,155,5.671106E+00,,1234
flame512_g3_temporal,160,5.649110E+00,,1234
flame512_g3_temporal,165,5.623319E+00,,1234
flame512_g3_temporal,170,5.601066E+00,,1234
flame512_g3_temporal,175,5.569389E+00,,1234
flame512_g3_temporal,180,5.537355E+00,,1234
flame512_g3_temporal,185,5.526076E+00,,1234
flame512_g3_temporal,190,5.501393E+00,,1234
flame512_g3_temporal,195,5.476130E+00,,1234
flame512_g3_temporal,200,5.445596E+00,,1234
flame512_g3_temporal,205,5.409034E+00,,1234
flame512_g3_temporal,210,5.409752E+00,,1234
flame512_g3_temporal,215,5.379990E+00,,1234
flame512_g3_temporal,220,5.380789E+00,,1234
flame512_g3_temporal,225,5.346918E+00,,1234
flame512_g3_temporal,230,5.314441E+00,,1234
flame512_g3_temporal,235,5.302606E+00,,1234
flame512_g3_temporal,240,5.277901E+00,,1234
flame512_g3_temporal,245,5.263507E+00,,1234
flame512_g3_temporal,250,5.226682E+00,,1234
flame512_g3_temporal,255,5.223915E+00,,1234
flame512_g3_temporal,260,5.218791E+00,,1234
flame512_g3_temporal,265,5.171539E+00,,1234
flame512_g3_temporal,270,5.174965E+00,,1234
flame512_g3_temporal,275,5.139656E+00,,1234
flame512_g3_temporal,280,5.137607E+00,,1234
flame512_g3_temporal,285,5.118447E+00,,1234
flame512_g3_temporal,290,5.097251E+00,,1234
flame512_g3_temporal,295,5.076230E+00,,1234
flame512_g3_temporal,300,5.063059E+00,,1234
flame512_g3_temporal,305,5.063892E+00,,1234
flame512_g3_temporal,310,5.046796E+00,,1234
flame512_g3_temporal,315,5.027984E+00,,1234
flame512_g3_temporal,320,4.996226E+00,,1234
flame512_g3_temporal,325,4.981332E+00,,1234
flame512_g3_temporal,330,4.969140E+00,,1234
flame512_g3_temporal,335,4.953403E+00,,1234
flame512_g3_temporal,340,4.957903E+00,,1234
flame512_g3_temporal,345,4.943770E+00,,1234
flame512_g3_temporal,350,4.926841E+00,,1234
flame512_g3_temporal,355,4.901043E+00,,1234
flame512_g3_temporal,360,4.886819E+00,,1234
flame512_g3_temporal,365,4.880201E+00,,1234
flame512_g3_temporal,370,4.868419E+00,,1234
flame512_g3_temporal,375,4.866805E+00,,1234
flame512_g3_temporal,380,4.845493E+00,,1234
flame512_g3_temporal,385,4.819747E+00,,1234
flame512_g3_temporal,390,4.820620E+00,,1234
flame512_g3_temporal,395,4.813708E+00,,1234
flame512_g3_temporal,400,4.800902E+00,,1234
flame512_g3_temporal,405,4.788618E+00,,1234
flame512_g3_temporal,410,4.787753E+00,,1234
flame512_g3_temporal,415,4.769644E+00,,1234
flame512_g3_temporal,420,4.758089E+00,,1234
flame512_g3_temporal,425,4.738441E+00,,1234
flame512_g3_temporal,430,4.735622E+00,,1234
flame512_g3_temporal,435,4.723897E+00,,1234
flame512_g3_temporal,440,4.711869E+00,,1234
flame512_g3_temporal,445,4.694408E+00,,1234
flame512_g3_temporal,450,4.688461E+00,,1234
flame512_g3_temporal,455,4.690347E+00,,1234
flame512_g3_temporal,460,4.675198E+00,,1234
flame512_g3_temporal,465,4.664951E+00,,1234
flame512_g3_temporal,470,4.662895E+00,,1234
flame512_g3_temporal,475,4.648307E+00,,1234
flame512_g3_temporal,480,4.629468E+00,,1234
flame512_g3_temporal,485,4.628074E+00,,1234
flame512_g3_temporal,490,4.613444E+00,,1234
flame512_g3_temporal,495,4.610229E+00,,1234
flame512_g3_temporal,500,4.598107E+00,,1234
flame512_g3_temporal,505,4.596696E+00,,1234
flame512_g3_temporal,510,4.583865E+00,,1234
flame512_g3_temporal,515,4.569438E+00,,1234
flame512_g3_temporal,520,4.552686E+00,,1234
flame512_g3_temporal,525,4.556860E+00,,1234
flame512_g3_temporal,530,4.536681E+00,,1234
flame512_g3_temporal,535,4.538686E+00,,1234
flame512_g3_temporal,540,4.537935E+00,,1234
flame512_g3_temporal,545,4.531974E+00,,1234
flame512_g3_temporal,550,4.508588E+00,,1234
flame512_g3_temporal,555,4.516201E+00,,1234
flame512_g3_temporal,560,4.496621E+00,,1234
flame512_g3_temporal,565,4.490188E+00,,1234
flame512_g3_temporal,570,4.471439E+00,,1234
flame512_g3_temporal,575,4.475224E+00,,1234
flame512_g3_temporal,580,4.475222E+00,,1234
flame512_g3_temporal,585,4.453369E+00,,1234
flame512_g3_temporal,590,4.452938E+00,,1234
flame512_g3_temporal,595,4.438905E+00,,1234
flame512_g3_temporal,600,4.436745E+00,,1234
flame512_g3_temporal,605,4.424136E+00,,1234
flame512_g3_temporal,610,4.419733E+00,,1234
flame512_g3_temporal,615,4.399437E+00,,1234
flame512_g3_temporal,620,4.393895E+00,,1234
flame512_g3_temporal,625,4.390924E+00,,1234
flame512_g3_temporal,630,4.387944E+00,,1234
flame512_g3_temporal,635,4.373449E+00,,1234
flame512_g3_temporal,640,4.361862E+00,,1234
flame512_g3_temporal,645,4.351090E+00,,1234
flame512_g3_temporal,650,4.363623E+00,,1234
flame512_g3_temporal,655,4.356441E+00,,1234
flame512_g3_temporal,660,4.355731E+00,,1234
flame512_g3_temporal,665,4.337725E+00,,1234
flame512_g3_temporal,670,4.329606E+00,,1234
flame512_g3_temporal,675,4.321007E+00,,1234
flame512_g3_temporal,680,4.315462E+00,,1234
flame512_g3_temporal,685,4.307615E+00,,1234
flame512_g3_temporal,690,4.303241E+00,,1234
flame512_g3_temporal,695,4.293086E+00,,1234
flame512_g3_temporal,700,4.284208E+00,,1234
flame512_g3_temporal,705,4.289300E+00,,1234
flame512_g3_temporal,710,4.275876E+00,,1234
flame512_g3_temporal,715,4.275951E+00,,1234
flame512_g3_temporal,720,4.293101E+00,,1234
flame512_g3_temporal,725,4.297962E+00,,1234
flame512_g3_temporal,730,4.269955E+00,,1234
flame512_g3_temporal,735,4.255441E+00,,1234
flame512_g3_temporal,740,4.239404E+00,,1234
flame512_g3_temporal,745,4.241182E+00,,1234
flame512_g3_temporal,750,4.234741E+00,,1234
flame512_g3_temporal,755,4.224473E+00,,1234
flame512_g3_temporal,760,4.211946E+00,,1234
flame512_g3_temporal,765,4.210208E+00,,1234
flame512_g3_temporal,770,4.203085E+00,,1234
flame512_g3_temporal,775,4.199453E+00,,1234
flame512_g3_temporal,780,4.197067E+00,,1234
flame512_g3_temporal,785,4.196347E+00,,1234
flame512_g3_temporal,790,4.198725E+00,,1234
flame512_g3_temporal,795,4.194437E+00,,1234
flame512_g3_temporal,800,4.186260E+00,,1234
flame512_g3_temporal,802,,4.183103,1234
