group,name,metric,value,note
trained_cell,ce_free2,final_bpb,0.81444,"CE surface, NO PLE, MoE layers 0-1 unconstrained, +87.5% resident memory"
trained_cell,ce_free2,recovery_pct,93.18,"CE surface, NO PLE, MoE layers 0-1 unconstrained, +87.5% resident memory"
trained_cell,ce_free2,train_tokens,50003968,
trained_cell,ce_free2,rank,off,
trained_cell,ce_free2,lora_r,32,
trained_cell,ce_free2,free_set,first 2,
trained_cell,ce_free2,ple_params,0,
trained_cell,ce_free2,mb_x_accum,16x1,
trained_cell,ce_free2,table_wd,0.0,
trained_cell,ce_free2,calib_init,False,
trained_cell,ce_free2,ple_start_tokens,0,
trained_cell,ce_free2,final_swap_rate,0.999685,
trained_cell,ce_free2,final_usage_entropy,0.998008,
trained_cell,ce_free2,bpb_curve,10M:0.839348|20M:0.825441|30M:0.819173|40M:0.816263|50M:0.814440,
trained_cell,ce_free2,train_bpb_curve,10M:0.938298|20M:0.861255|30M:0.846554|40M:0.842027|50M:0.842427,
trained_cell,ce_free_0_1_14_15,final_bpb,0.786275,"CE surface, NO PLE, MoE layers 0/1/14/15 unconstrained, +175.0% resident memory"
trained_cell,ce_free_0_1_14_15,recovery_pct,94.53,"CE surface, NO PLE, MoE layers 0/1/14/15 unconstrained, +175.0% resident memory"
trained_cell,ce_free_0_1_14_15,train_tokens,50003968,
trained_cell,ce_free_0_1_14_15,rank,off,
trained_cell,ce_free_0_1_14_15,lora_r,32,
trained_cell,ce_free_0_1_14_15,free_set,"0,1,14,15",
trained_cell,ce_free_0_1_14_15,ple_params,0,
trained_cell,ce_free_0_1_14_15,mb_x_accum,16x1,
trained_cell,ce_free_0_1_14_15,table_wd,0.0,
trained_cell,ce_free_0_1_14_15,calib_init,False,
trained_cell,ce_free_0_1_14_15,ple_start_tokens,0,
trained_cell,ce_free_0_1_14_15,final_swap_rate,0.999709,
trained_cell,ce_free_0_1_14_15,final_usage_entropy,0.998171,
trained_cell,ce_free_0_1_14_15,bpb_curve,10M:0.801246|20M:0.791596|30M:0.788088|40M:0.786252|50M:0.786275,
trained_cell,ce_free_0_1_14_15,train_bpb_curve,10M:0.893532|20M:0.825025|30M:0.813651|40M:0.811012|50M:0.812320,
trained_cell,ce_free_0_1_14_15_250M,final_bpb,0.781199,"CE surface, NO PLE, MoE layers 0/1/14/15 unconstrained, +175.0% resident memory"
trained_cell,ce_free_0_1_14_15_250M,recovery_pct,94.78,"CE surface, NO PLE, MoE layers 0/1/14/15 unconstrained, +175.0% resident memory"
trained_cell,ce_free_0_1_14_15_250M,train_tokens,250019840,
trained_cell,ce_free_0_1_14_15_250M,rank,off,
trained_cell,ce_free_0_1_14_15_250M,lora_r,32,
trained_cell,ce_free_0_1_14_15_250M,free_set,"0,1,14,15",
trained_cell,ce_free_0_1_14_15_250M,ple_params,0,
trained_cell,ce_free_0_1_14_15_250M,mb_x_accum,16x1,
trained_cell,ce_free_0_1_14_15_250M,table_wd,0.0,
trained_cell,ce_free_0_1_14_15_250M,calib_init,False,
trained_cell,ce_free_0_1_14_15_250M,ple_start_tokens,0,
trained_cell,ce_free_0_1_14_15_250M,final_swap_rate,0.999727,
trained_cell,ce_free_0_1_14_15_250M,final_usage_entropy,0.998487,
trained_cell,ce_free_0_1_14_15_250M,bpb_curve,10M:0.801246|20M:0.791596|30M:0.788088|40M:0.786252|50M:0.786275|60M:0.784560|70M:0.784062|80M:0.783782|90M:0.783184|100M:0.783358|110M:0.783233|120M:0.782688|130M:0.782659|140M:0.782858|150M:0.782432|160M:0.781951|170M:0.781992|180M:0.782275|190M:0.782090|200M:0.781871|210M:0.781490|220M:0.781767|230M:0.781671|240M:0.781255|250M:0.781199,
trained_cell,ce_free_0_1_14_15_250M,train_bpb_curve,10M:0.893532|20M:0.825025|30M:0.813651|40M:0.811012|50M:0.812320|60M:0.807752|70M:0.808844|80M:0.809427|90M:0.811748|100M:0.808863|110M:0.807523|120M:0.808017|130M:0.807038|140M:0.804934|150M:0.809717|160M:0.806007|170M:0.805821|180M:0.806849|190M:0.805229|200M:0.803817|210M:0.807217|220M:0.804474|230M:0.806613|240M:0.806566|250M:0.806443,
trained_cell,ce_free_0_1_15,final_bpb,0.79781,"CE surface, NO PLE, MoE layers 0/1/15 unconstrained, +131.2% resident memory"
trained_cell,ce_free_0_1_15,recovery_pct,93.98,"CE surface, NO PLE, MoE layers 0/1/15 unconstrained, +131.2% resident memory"
trained_cell,ce_free_0_1_15,train_tokens,50003968,
trained_cell,ce_free_0_1_15,rank,off,
trained_cell,ce_free_0_1_15,lora_r,32,
trained_cell,ce_free_0_1_15,free_set,"0,1,15",
trained_cell,ce_free_0_1_15,ple_params,0,
trained_cell,ce_free_0_1_15,mb_x_accum,16x1,
trained_cell,ce_free_0_1_15,table_wd,0.0,
trained_cell,ce_free_0_1_15,calib_init,False,
trained_cell,ce_free_0_1_15,ple_start_tokens,0,
trained_cell,ce_free_0_1_15,final_swap_rate,0.999691,
trained_cell,ce_free_0_1_15,final_usage_entropy,0.99801,
trained_cell,ce_free_0_1_15,bpb_curve,10M:0.817251|20M:0.805838|30M:0.802319|40M:0.799167|50M:0.797810,
trained_cell,ce_free_0_1_15,train_bpb_curve,10M:0.913397|20M:0.840521|30M:0.828928|40M:0.825083|50M:0.825428,
trained_cell,ce_free_0_1_15_200M,final_bpb,0.791767,"CE surface, NO PLE, MoE layers 0/1/15 unconstrained, +131.2% resident memory"
trained_cell,ce_free_0_1_15_200M,recovery_pct,94.27,"CE surface, NO PLE, MoE layers 0/1/15 unconstrained, +131.2% resident memory"
trained_cell,ce_free_0_1_15_200M,train_tokens,200015872,
trained_cell,ce_free_0_1_15_200M,rank,off,
trained_cell,ce_free_0_1_15_200M,lora_r,32,
trained_cell,ce_free_0_1_15_200M,free_set,"0,1,15",
trained_cell,ce_free_0_1_15_200M,ple_params,0,
trained_cell,ce_free_0_1_15_200M,mb_x_accum,16x1,
trained_cell,ce_free_0_1_15_200M,table_wd,0.0,
trained_cell,ce_free_0_1_15_200M,calib_init,False,
trained_cell,ce_free_0_1_15_200M,ple_start_tokens,0,
trained_cell,ce_free_0_1_15_200M,final_swap_rate,0.999713,
trained_cell,ce_free_0_1_15_200M,final_usage_entropy,0.998685,
trained_cell,ce_free_0_1_15_200M,bpb_curve,10M:0.817251|20M:0.805838|30M:0.802319|40M:0.799167|50M:0.797810|60M:0.797180|70M:0.796490|80M:0.795424|90M:0.794642|100M:0.794620|110M:0.794093|120M:0.793550|130M:0.793413|140M:0.793013|150M:0.793026|160M:0.792786|170M:0.792837|180M:0.792738|190M:0.792423|200M:0.791767,
trained_cell,ce_free_0_1_15_200M,train_bpb_curve,10M:0.913397|20M:0.840521|30M:0.828928|40M:0.825083|50M:0.825428|60M:0.820357|70M:0.821799|80M:0.821742|90M:0.823612|100M:0.820505|110M:0.819236|120M:0.819488|130M:0.818396|140M:0.815995|150M:0.820851|160M:0.817058|170M:0.816612|180M:0.817643|190M:0.815948|200M:0.814306,
trained_cell,ce_free_0_1_15_250M,final_bpb,0.790846,"CE surface, NO PLE, MoE layers 0/1/15 unconstrained, +131.2% resident memory"
trained_cell,ce_free_0_1_15_250M,recovery_pct,94.31,"CE surface, NO PLE, MoE layers 0/1/15 unconstrained, +131.2% resident memory"
trained_cell,ce_free_0_1_15_250M,train_tokens,250019840,
trained_cell,ce_free_0_1_15_250M,rank,off,
trained_cell,ce_free_0_1_15_250M,lora_r,32,
trained_cell,ce_free_0_1_15_250M,free_set,"0,1,15",
trained_cell,ce_free_0_1_15_250M,ple_params,0,
trained_cell,ce_free_0_1_15_250M,mb_x_accum,16x1,
trained_cell,ce_free_0_1_15_250M,table_wd,0.0,
trained_cell,ce_free_0_1_15_250M,calib_init,False,
trained_cell,ce_free_0_1_15_250M,ple_start_tokens,0,
trained_cell,ce_free_0_1_15_250M,final_swap_rate,0.999719,
trained_cell,ce_free_0_1_15_250M,final_usage_entropy,0.99858,
trained_cell,ce_free_0_1_15_250M,bpb_curve,10M:0.817251|20M:0.805838|30M:0.802319|40M:0.799167|50M:0.797810|60M:0.797180|70M:0.796490|80M:0.795424|90M:0.794642|100M:0.794620|110M:0.794093|120M:0.793550|130M:0.793413|140M:0.793013|150M:0.793026|160M:0.792786|170M:0.792837|180M:0.792738|190M:0.792423|200M:0.791767|210M:0.791513|220M:0.791515|230M:0.791570|240M:0.791410|250M:0.790846,
trained_cell,ce_free_0_1_15_250M,train_bpb_curve,10M:0.913397|20M:0.840521|30M:0.828928|40M:0.825083|50M:0.825428|60M:0.820357|70M:0.821799|80M:0.821742|90M:0.823612|100M:0.820505|110M:0.819236|120M:0.819488|130M:0.818396|140M:0.815995|150M:0.820851|160M:0.817058|170M:0.816612|180M:0.817643|190M:0.815948|200M:0.814306|210M:0.817727|220M:0.814880|230M:0.817004|240M:0.817037|250M:0.816808,
trained_cell,ce_free_0_1_15_ds1,final_bpb,0.797814,"CE surface, NO PLE, MoE layers 0/1/15 unconstrained, +131.2% resident memory, data seed 1"
trained_cell,ce_free_0_1_15_ds1,recovery_pct,93.98,"CE surface, NO PLE, MoE layers 0/1/15 unconstrained, +131.2% resident memory, data seed 1"
trained_cell,ce_free_0_1_15_ds1,train_tokens,50003968,
trained_cell,ce_free_0_1_15_ds1,rank,off,
trained_cell,ce_free_0_1_15_ds1,lora_r,32,
trained_cell,ce_free_0_1_15_ds1,free_set,"0,1,15",
trained_cell,ce_free_0_1_15_ds1,ple_params,0,
trained_cell,ce_free_0_1_15_ds1,mb_x_accum,16x1,
trained_cell,ce_free_0_1_15_ds1,table_wd,0.0,
trained_cell,ce_free_0_1_15_ds1,calib_init,False,
trained_cell,ce_free_0_1_15_ds1,ple_start_tokens,0,
trained_cell,ce_free_0_1_15_ds1,final_swap_rate,0.999683,
trained_cell,ce_free_0_1_15_ds1,final_usage_entropy,0.998068,
trained_cell,ce_free_0_1_15_ds1,bpb_curve,10M:0.820161|20M:0.806102|30M:0.801693|40M:0.798777|50M:0.797814,
trained_cell,ce_free_0_1_15_ds1,train_bpb_curve,10M:0.918062|20M:0.836513|30M:0.830878|40M:0.825581|50M:0.824668,
trained_cell,ce_free_0_1_2,final_bpb,0.808615,"CE surface, NO PLE, MoE layers 0/1/2 unconstrained, +131.2% resident memory"
trained_cell,ce_free_0_1_2,recovery_pct,93.46,"CE surface, NO PLE, MoE layers 0/1/2 unconstrained, +131.2% resident memory"
trained_cell,ce_free_0_1_2,train_tokens,50003968,
trained_cell,ce_free_0_1_2,rank,off,
trained_cell,ce_free_0_1_2,lora_r,32,
trained_cell,ce_free_0_1_2,free_set,"0,1,2",
trained_cell,ce_free_0_1_2,ple_params,0,
trained_cell,ce_free_0_1_2,mb_x_accum,16x1,
trained_cell,ce_free_0_1_2,table_wd,0.0,
trained_cell,ce_free_0_1_2,calib_init,False,
trained_cell,ce_free_0_1_2,ple_start_tokens,0,
trained_cell,ce_free_0_1_2,final_swap_rate,0.999656,
trained_cell,ce_free_0_1_2,final_usage_entropy,0.997697,
trained_cell,ce_free_0_1_2,bpb_curve,10M:0.829971|20M:0.819598|30M:0.813813|40M:0.810309|50M:0.808615,
trained_cell,ce_free_0_1_2,train_bpb_curve,10M:0.917399|20M:0.852930|30M:0.840012|40M:0.835792|50M:0.836299,
reference,base_free_routing,bpb,0.6727,unconstrained ceiling
reference,base_free_routing,recovery_pct,100.0,unconstrained ceiling
reference,impose_R8_untrained,bpb,2.7507,the gap being recovered
reference,impose_R8_untrained,recovery_pct,0.0,the gap being recovered
reference,A_router_only,bpb,1.2825,bake-off arm A
reference,A_router_only,recovery_pct,70.65,bake-off arm A
reference,C_router_norms_50M,bpb,0.8791,matched-budget comparator for 50M cells
reference,C_router_norms_50M,recovery_pct,90.07,matched-budget comparator for 50M cells
reference,C_router_norms_250M,bpb,0.8505,5x token-efficiency comparator
reference,C_router_norms_250M,recovery_pct,91.44,5x token-efficiency comparator
reference,CE_router_norms_lora_50M,bpb,0.8269,LoRA as the third mechanism
reference,CE_router_norms_lora_50M,recovery_pct,92.58,LoRA as the third mechanism
reference,Fprime_full_finetune_6.92B,bpb,0.8106,the constraint price
reference,Fprime_full_finetune_6.92B,recovery_pct,93.36,the constraint price
reference,two_sigma_bar,bpb,0.012,differences below this are noise (PLE_PLAN.md §3)
reference,divisor_D,value,3.1089070924799973,"ln2 x bytes_per_token, audited slice"
layer_damage,none (all free),bpb,0.672736,
layer_damage,none (all free),damage_bpb,0.0,
layer_damage,all constrained,bpb,2.750704,
layer_damage,all constrained,damage_bpb,2.077968,
layer_damage,0,bpb,0.89057,
layer_damage,0,damage_bpb,0.217833,
layer_damage,1,bpb,0.931552,
layer_damage,1,damage_bpb,0.258816,
layer_damage,2,bpb,0.813581,
layer_damage,2,damage_bpb,0.140844,
layer_damage,3,bpb,0.788019,
layer_damage,3,damage_bpb,0.115282,
layer_damage,4,bpb,0.789551,
layer_damage,4,damage_bpb,0.116815,
layer_damage,5,bpb,0.771374,
layer_damage,5,damage_bpb,0.098638,
layer_damage,6,bpb,0.77911,
layer_damage,6,damage_bpb,0.106373,
layer_damage,7,bpb,0.751954,
layer_damage,7,damage_bpb,0.079217,
layer_damage,8,bpb,0.753709,
layer_damage,8,damage_bpb,0.080973,
layer_damage,9,bpb,0.754918,
layer_damage,9,damage_bpb,0.082182,
layer_damage,10,bpb,0.756389,
layer_damage,10,damage_bpb,0.083653,
layer_damage,11,bpb,0.742505,
layer_damage,11,damage_bpb,0.069769,
layer_damage,12,bpb,0.745645,
layer_damage,12,damage_bpb,0.072909,
layer_damage,13,bpb,0.747487,
layer_damage,13,damage_bpb,0.074751,
layer_damage,14,bpb,0.795221,
layer_damage,14,damage_bpb,0.122485,
layer_damage,15,bpb,0.813494,
layer_damage,15,damage_bpb,0.140757,
free_set,none (full residency),bpb,2.750704,
free_set,none (full residency),damage_bpb,2.077968,
free_set,none (full residency),additive_prediction,2.077968,
free_set,none (full residency),interaction,-0.0,
free_set,none (full residency),resident_slots,128,
free_set,none (full residency),memory_vs_full_residency_pct,0.0,
free_set,{0},bpb,2.603887,
free_set,{0},damage_bpb,1.931151,
free_set,{0},additive_prediction,1.860135,
free_set,{0},interaction,0.071016,
free_set,{0},resident_slots,184,
free_set,{0},memory_vs_full_residency_pct,43.8,
free_set,{1},bpb,2.586651,
free_set,{1},damage_bpb,1.913915,
free_set,{1},additive_prediction,1.819152,
free_set,{1},interaction,0.094763,
free_set,{1},resident_slots,184,
free_set,{1},memory_vs_full_residency_pct,43.8,
free_set,"{0,1}",bpb,2.375518,
free_set,"{0,1}",damage_bpb,1.702781,
free_set,"{0,1}",additive_prediction,1.601319,
free_set,"{0,1}",interaction,0.101462,
free_set,"{0,1}",resident_slots,240,
free_set,"{0,1}",memory_vs_full_residency_pct,87.5,
free_set,"{0,1,2}",bpb,2.177515,
free_set,"{0,1,2}",damage_bpb,1.504779,
free_set,"{0,1,2}",additive_prediction,1.460475,
free_set,"{0,1,2}",interaction,0.044304,
free_set,"{0,1,2}",resident_slots,296,
free_set,"{0,1,2}",memory_vs_full_residency_pct,131.2,
free_set,"{0,1,15}",bpb,2.341816,
free_set,"{0,1,15}",damage_bpb,1.66908,
free_set,"{0,1,15}",additive_prediction,1.460562,
free_set,"{0,1,15}",interaction,0.208518,
free_set,"{0,1,15}",resident_slots,296,
free_set,"{0,1,15}",memory_vs_full_residency_pct,131.2,
free_set,"{0,1,14,15}",bpb,2.255436,
free_set,"{0,1,14,15}",damage_bpb,1.5827,
free_set,"{0,1,14,15}",additive_prediction,1.338077,
free_set,"{0,1,14,15}",interaction,0.244623,
free_set,"{0,1,14,15}",resident_slots,352,
free_set,"{0,1,14,15}",memory_vs_full_residency_pct,175.0,
