"# Qwen3.5-35B-A3B-Base test-time residency suite, single model load, all cells replayed over identical cached batches. E=128 k=8 layers=48. BPB divisor 3.1998611 (ln2 x bytes/token) on the audited slice re-tokenized to byte-identical text. solo_Lxx = that layer constrained, all others free. 'damage' is that cell's BPB minus free_baseline (0.615371). resident_with_shared includes Qwen's always-on shared expert. Producer: analysis/ple/qwen_sweep.py"
cell,R,resident_routed_pct,resident_with_shared_pct,bpb,ce_nats,swap_rate,route_entropy,eff_load_med,n_seq,secs,damage_vs_free
free_baseline,8,6.25,6.98,0.615371,1.969103,0.0000,nan,47.03,16,5.6,-0.000000
constrained_all_R8,8,6.25,6.98,0.733527,2.347185,0.9973,0.9933,37.20,16,7.9,+0.118156
constrained_all_R32,32,25.00,25.58,0.640988,2.051074,1.0000,0.9958,42.61,16,8.0,+0.025617
recipe_free_0_1_last2,8,6.25,6.98,0.680555,2.177681,0.9970,0.9931,,16,8.8,+0.065184
solo_L00_R8,8,6.25,6.98,0.617638,1.976354,0.9998,0.8771,,16,24.3,+0.002267
solo_L01_R8,8,6.25,6.98,0.616811,1.973710,0.9999,0.9144,,16,23.1,+0.001440
solo_L02_R8,8,6.25,6.98,0.616930,1.974090,0.9998,0.8963,,16,5.4,+0.001559
solo_L03_R8,8,6.25,6.98,0.616661,1.973230,0.9998,0.8933,,16,5.5,+0.001290
solo_L04_R8,8,6.25,6.98,0.616235,1.971866,0.9997,0.9071,,16,5.4,+0.000864
solo_L05_R8,8,6.25,6.98,0.616452,1.972559,0.9980,0.9108,,16,5.5,+0.001081
solo_L06_R8,8,6.25,6.98,0.615961,1.970990,0.9946,0.9020,,16,5.6,+0.000590
solo_L07_R8,8,6.25,6.98,0.615822,1.970544,0.9936,0.9111,,16,5.4,+0.000451
solo_L08_R8,8,6.25,6.98,0.616519,1.972776,0.9984,0.9264,,16,5.4,+0.001148
solo_L09_R8,8,6.25,6.98,0.616206,1.971773,0.9974,0.9066,,16,5.4,+0.000835
solo_L10_R8,8,6.25,6.98,0.615720,1.970218,0.9985,0.8942,,16,5.4,+0.000349
solo_L11_R8,8,6.25,6.98,0.616048,1.971266,0.9992,0.8982,,16,5.4,+0.000677
solo_L12_R8,8,6.25,6.98,0.615638,1.969957,0.9984,0.8823,,16,5.6,+0.000267
solo_L13_R8,8,6.25,6.98,0.616060,1.971305,0.9995,0.8691,,16,5.4,+0.000689
solo_L14_R8,8,6.25,6.98,0.615915,1.970841,0.9986,0.8870,,16,5.4,+0.000544
solo_L15_R8,8,6.25,6.98,0.615449,1.969352,0.9973,0.8834,,16,5.4,+0.000078
solo_L16_R8,8,6.25,6.98,0.615720,1.970217,0.9985,0.8784,,16,5.4,+0.000349
solo_L17_R8,8,6.25,6.98,0.615679,1.970088,0.9989,0.8742,,16,5.4,+0.000308
solo_L18_R8,8,6.25,6.98,0.615808,1.970501,0.9859,0.8999,,16,5.5,+0.000437
solo_L19_R8,8,6.25,6.98,0.615591,1.969804,0.9843,0.9060,,16,5.4,+0.000220
solo_L20_R8,8,6.25,6.98,0.615849,1.970630,0.9965,0.9169,,16,5.4,+0.000478
solo_L21_R8,8,6.25,6.98,0.615857,1.970657,0.9961,0.8967,,16,5.4,+0.000486
solo_L22_R8,8,6.25,6.98,0.616216,1.971804,0.9984,0.8997,,16,10.0,+0.000845
solo_L23_R8,8,6.25,6.98,0.616189,1.971718,0.9984,0.8968,,16,23.9,+0.000818
solo_L24_R8,8,6.25,6.98,0.616130,1.971531,0.9978,0.8825,,16,20.3,+0.000759
solo_L25_R8,8,6.25,6.98,0.616607,1.973058,0.9988,0.8728,,16,5.4,+0.001236
solo_L26_R8,8,6.25,6.98,0.616385,1.972347,0.9978,0.8853,,16,5.4,+0.001014
solo_L27_R8,8,6.25,6.98,0.616341,1.972206,0.9958,0.8860,,16,5.4,+0.000970
solo_L28_R8,8,6.25,6.98,0.616422,1.972465,0.9980,0.8807,,16,5.4,+0.001051
solo_L29_R8,8,6.25,6.98,0.616245,1.971899,0.9985,0.8702,,16,5.4,+0.000874
solo_L30_R8,8,6.25,6.98,0.615938,1.970917,0.9856,0.9054,,16,5.4,+0.000567
solo_L31_R8,8,6.25,6.98,0.615789,1.970439,0.9791,0.9075,,16,5.4,+0.000418
solo_L32_R8,8,6.25,6.98,0.616064,1.971321,0.9961,0.9195,,16,5.4,+0.000693
solo_L33_R8,8,6.25,6.98,0.616268,1.971971,0.9959,0.9035,,16,5.4,+0.000897
solo_L34_R8,8,6.25,6.98,0.616779,1.973608,0.9986,0.9020,,16,5.4,+0.001408
solo_L35_R8,8,6.25,6.98,0.617075,1.974553,0.9983,0.8925,,16,5.4,+0.001704
solo_L36_R8,8,6.25,6.98,0.617129,1.974728,0.9983,0.8857,,16,5.4,+0.001758
solo_L37_R8,8,6.25,6.98,0.618611,1.979470,0.9990,0.8657,,16,5.4,+0.003240
solo_L38_R8,8,6.25,6.98,0.617818,1.976933,0.9972,0.8959,,16,5.6,+0.002447
solo_L39_R8,8,6.25,6.98,0.617757,1.976738,0.9980,0.9026,,16,5.5,+0.002386
solo_L40_R8,8,6.25,6.98,0.618577,1.979360,0.9951,0.8914,,16,5.5,+0.003206
solo_L41_R8,8,6.25,6.98,0.620035,1.984027,0.9975,0.8804,,16,5.4,+0.004664
solo_L42_R8,8,6.25,6.98,0.620954,1.986967,0.9988,0.8676,,16,5.5,+0.005583
solo_L43_R8,8,6.25,6.98,0.618621,1.979501,0.9985,0.8827,,16,5.5,+0.003250
solo_L44_R8,8,6.25,6.98,0.618599,1.979430,0.9985,0.8815,,16,5.5,+0.003228
solo_L45_R8,8,6.25,6.98,0.617589,1.976200,0.9980,0.8718,,16,5.4,+0.002218
solo_L46_R8,8,6.25,6.98,0.619770,1.983177,0.9976,0.8655,,16,5.4,+0.004399
solo_L47_R8,8,6.25,6.98,0.651006,2.083128,0.9993,0.8120,,16,5.4,+0.035635
solo_L00_R32,32,25.00,25.58,0.616098,1.971428,0.9999,0.8872,,16,5.5,+0.000727
solo_L01_R32,32,25.00,25.58,0.615802,1.970481,1.0000,0.9232,,16,5.4,+0.000431
solo_L02_R32,32,25.00,25.58,0.615985,1.971068,1.0000,0.9153,,16,5.4,+0.000614
solo_L03_R32,32,25.00,25.58,0.615646,1.969981,1.0000,0.9210,,16,5.5,+0.000275
solo_L04_R32,32,25.00,25.58,0.615726,1.970237,1.0000,0.9304,,16,5.5,+0.000355
solo_L05_R32,32,25.00,25.58,0.615427,1.969280,1.0000,0.9248,,16,5.4,+0.000056
solo_L06_R32,32,25.00,25.58,0.615406,1.969214,1.0000,0.9396,,16,5.5,+0.000035
solo_L07_R32,32,25.00,25.58,0.615601,1.969839,1.0000,0.9463,,16,5.4,+0.000230
solo_L08_R32,32,25.00,25.58,0.615636,1.969949,1.0000,0.9432,,16,5.5,+0.000265
solo_L09_R32,32,25.00,25.58,0.615705,1.970171,1.0000,0.9270,,16,5.4,+0.000334
solo_L10_R32,32,25.00,25.58,0.615511,1.969549,1.0000,0.9145,,16,5.4,+0.000140
solo_L11_R32,32,25.00,25.58,0.615562,1.969714,1.0000,0.9141,,16,5.4,+0.000191
solo_L12_R32,32,25.00,25.58,0.615455,1.969371,1.0000,0.9153,,16,5.5,+0.000084
solo_L13_R32,32,25.00,25.58,0.615660,1.970027,1.0000,0.8965,,16,5.4,+0.000289
solo_L14_R32,32,25.00,25.58,0.615513,1.969557,1.0000,0.9132,,16,5.5,+0.000142
solo_L15_R32,32,25.00,25.58,0.615341,1.969005,1.0000,0.9158,,16,5.5,-0.000030
solo_L16_R32,32,25.00,25.58,0.615535,1.969627,1.0000,0.9056,,16,5.4,+0.000164
solo_L17_R32,32,25.00,25.58,0.615482,1.969457,1.0000,0.9120,,16,5.4,+0.000111
solo_L18_R32,32,25.00,25.58,0.615337,1.968993,0.9999,0.9442,,16,5.4,-0.000034
solo_L19_R32,32,25.00,25.58,0.615458,1.969379,1.0000,0.9463,,16,5.4,+0.000087
solo_L20_R32,32,25.00,25.58,0.615531,1.969612,1.0000,0.9418,,16,5.4,+0.000160
solo_L21_R32,32,25.00,25.58,0.615368,1.969091,1.0000,0.9259,,16,5.4,-0.000003
solo_L22_R32,32,25.00,25.58,0.615558,1.969700,1.0000,0.9197,,16,5.5,+0.000187
solo_L23_R32,32,25.00,25.58,0.615757,1.970336,1.0000,0.9162,,16,5.4,+0.000386
solo_L24_R32,32,25.00,25.58,0.615540,1.969642,1.0000,0.9115,,16,5.4,+0.000169
solo_L25_R32,32,25.00,25.58,0.615613,1.969876,1.0000,0.9006,,16,5.5,+0.000242
solo_L26_R32,32,25.00,25.58,0.615691,1.970124,1.0000,0.9162,,16,5.5,+0.000320
solo_L27_R32,32,25.00,25.58,0.615714,1.970201,1.0000,0.9158,,16,5.5,+0.000343
solo_L28_R32,32,25.00,25.58,0.615690,1.970121,1.0000,0.9030,,16,5.5,+0.000319
solo_L29_R32,32,25.00,25.58,0.615489,1.969481,1.0000,0.9174,,16,5.5,+0.000118
solo_L30_R32,32,25.00,25.58,0.615542,1.969649,1.0000,0.9438,,16,5.5,+0.000171
solo_L31_R32,32,25.00,25.58,0.615554,1.969686,1.0000,0.9447,,16,5.5,+0.000183
solo_L32_R32,32,25.00,25.58,0.615721,1.970223,1.0000,0.9394,,16,5.5,+0.000350
solo_L33_R32,32,25.00,25.58,0.615689,1.970120,0.9999,0.9198,,16,5.5,+0.000318
solo_L34_R32,32,25.00,25.58,0.615846,1.970621,1.0000,0.9135,,16,5.5,+0.000475
solo_L35_R32,32,25.00,25.58,0.615903,1.970804,1.0000,0.9054,,16,5.5,+0.000532
solo_L36_R32,32,25.00,25.58,0.616091,1.971407,1.0000,0.9081,,16,5.5,+0.000720
solo_L37_R32,32,25.00,25.58,0.616612,1.973074,1.0000,0.8950,,16,5.5,+0.001241
solo_L38_R32,32,25.00,25.58,0.616296,1.972061,1.0000,0.9108,,16,5.5,+0.000925
solo_L39_R32,32,25.00,25.58,0.616048,1.971269,1.0000,0.9156,,16,5.5,+0.000677
solo_L40_R32,32,25.00,25.58,0.616348,1.972229,1.0000,0.9062,,16,5.5,+0.000977
solo_L41_R32,32,25.00,25.58,0.616572,1.972946,1.0000,0.9014,,16,5.5,+0.001201
solo_L42_R32,32,25.00,25.58,0.616771,1.973582,1.0000,0.8997,,16,5.5,+0.001400
solo_L43_R32,32,25.00,25.58,0.615963,1.970997,1.0000,0.9079,,16,5.4,+0.000592
solo_L44_R32,32,25.00,25.58,0.615965,1.971003,1.0000,0.9116,,16,5.4,+0.000594
solo_L45_R32,32,25.00,25.58,0.615775,1.970393,1.0000,0.9075,,16,5.4,+0.000404
solo_L46_R32,32,25.00,25.58,0.616183,1.971699,0.9999,0.8935,,16,5.4,+0.000812
solo_L47_R32,32,25.00,25.58,0.620309,1.984902,1.0000,0.8763,,16,5.4,+0.004938
