run,iteration,train_lm_loss,final_val_ce,final_test_ce,seed
flame38m_g1_moe,5,1.081353E+01,,,1234
flame38m_g1_moe,10,1.044676E+01,,,1234
flame38m_g1_moe,15,1.020798E+01,,,1234
flame38m_g1_moe,20,9.854642E+00,,,1234
flame38m_g1_moe,25,9.441991E+00,,,1234
flame38m_g1_moe,30,8.999666E+00,,,1234
flame38m_g1_moe,35,8.609218E+00,,,1234
flame38m_g1_moe,40,8.274211E+00,,,1234
flame38m_g1_moe,45,7.985950E+00,,,1234
flame38m_g1_moe,50,7.730639E+00,,,1234
flame38m_g1_moe,55,7.538265E+00,,,1234
flame38m_g1_moe,60,7.372864E+00,,,1234
flame38m_g1_moe,65,7.233876E+00,,,1234
flame38m_g1_moe,70,7.126189E+00,,,1234
flame38m_g1_moe,75,7.030569E+00,,,1234
flame38m_g1_moe,80,6.938113E+00,,,1234
flame38m_g1_moe,85,6.874259E+00,,,1234
flame38m_g1_moe,90,6.799048E+00,,,1234
flame38m_g1_moe,95,6.746242E+00,,,1234
flame38m_g1_moe,100,6.686590E+00,,,1234
flame38m_g1_moe,105,6.642422E+00,,,1234
flame38m_g1_moe,110,6.590397E+00,,,1234
flame38m_g1_moe,115,6.553350E+00,,,1234
flame38m_g1_moe,120,6.518463E+00,,,1234
flame38m_g1_moe,125,6.461935E+00,,,1234
flame38m_g1_moe,130,6.434695E+00,,,1234
flame38m_g1_moe,135,6.404463E+00,,,1234
flame38m_g1_moe,140,6.381034E+00,,,1234
flame38m_g1_moe,145,6.344860E+00,,,1234
flame38m_g1_moe,150,6.300941E+00,,,1234
flame38m_g1_moe,155,6.280365E+00,,,1234
flame38m_g1_moe,160,6.261253E+00,,,1234
flame38m_g1_moe,165,6.217618E+00,,,1234
flame38m_g1_moe,170,6.193690E+00,,,1234
flame38m_g1_moe,175,6.166350E+00,,,1234
flame38m_g1_moe,180,6.131663E+00,,,1234
flame38m_g1_moe,185,6.111538E+00,,,1234
flame38m_g1_moe,190,6.082774E+00,,,1234
flame38m_g1_moe,195,6.058625E+00,,,1234
flame38m_g1_moe,200,6.021259E+00,,,1234
flame38m_g1_moe,205,6.003719E+00,,,1234
flame38m_g1_moe,210,5.973767E+00,,,1234
flame38m_g1_moe,215,5.963331E+00,,,1234
flame38m_g1_moe,220,5.922702E+00,,,1234
flame38m_g1_moe,225,5.905612E+00,,,1234
flame38m_g1_moe,230,5.880660E+00,,,1234
flame38m_g1_moe,235,5.848796E+00,,,1234
flame38m_g1_moe,240,5.834957E+00,,,1234
flame38m_g1_moe,245,5.802375E+00,,,1234
flame38m_g1_moe,250,5.782324E+00,,,1234
flame38m_g1_moe,255,5.774236E+00,,,1234
flame38m_g1_moe,260,5.748282E+00,,,1234
flame38m_g1_moe,265,5.728067E+00,,,1234
flame38m_g1_moe,270,5.704523E+00,,,1234
flame38m_g1_moe,275,5.683050E+00,,,1234
flame38m_g1_moe,280,5.659756E+00,,,1234
flame38m_g1_moe,285,5.638568E+00,,,1234
flame38m_g1_moe,290,5.624278E+00,,,1234
flame38m_g1_moe,295,5.606351E+00,,,1234
flame38m_g1_moe,300,5.580552E+00,,,1234
flame38m_g1_moe,305,5.574931E+00,,,1234
flame38m_g1_moe,310,5.554551E+00,,,1234
flame38m_g1_moe,315,5.538478E+00,,,1234
flame38m_g1_moe,320,5.511543E+00,,,1234
flame38m_g1_moe,325,5.493668E+00,,,1234
flame38m_g1_moe,330,5.484375E+00,,,1234
flame38m_g1_moe,335,5.458203E+00,,,1234
flame38m_g1_moe,340,5.450704E+00,,,1234
flame38m_g1_moe,345,5.433731E+00,,,1234
flame38m_g1_moe,350,5.413116E+00,,,1234
flame38m_g1_moe,355,5.406302E+00,,,1234
flame38m_g1_moe,360,5.387190E+00,,,1234
flame38m_g1_moe,365,5.368284E+00,,,1234
flame38m_g1_moe,370,5.355309E+00,,,1234
flame38m_g1_moe,375,5.338220E+00,,,1234
flame38m_g1_moe,380,5.324419E+00,,,1234
flame38m_g1_moe,385,5.321203E+00,,,1234
flame38m_g1_moe,390,5.301860E+00,,,1234
flame38m_g1_moe,395,5.286686E+00,,,1234
flame38m_g1_moe,400,5.269532E+00,,,1234
flame38m_g1_moe,405,5.262124E+00,,,1234
flame38m_g1_moe,410,5.261399E+00,,,1234
flame38m_g1_moe,415,5.240618E+00,,,1234
flame38m_g1_moe,420,5.218229E+00,,,1234
flame38m_g1_moe,425,5.210944E+00,,,1234
flame38m_g1_moe,430,5.204650E+00,,,1234
flame38m_g1_moe,435,5.196484E+00,,,1234
flame38m_g1_moe,440,5.174942E+00,,,1234
flame38m_g1_moe,445,5.174207E+00,,,1234
flame38m_g1_moe,450,5.156037E+00,,,1234
flame38m_g1_moe,455,5.148621E+00,,,1234
flame38m_g1_moe,460,5.130251E+00,,,1234
flame38m_g1_moe,465,5.111001E+00,,,1234
flame38m_g1_moe,470,5.106019E+00,,,1234
flame38m_g1_moe,475,5.103134E+00,,,1234
flame38m_g1_moe,480,5.086357E+00,,,1234
flame38m_g1_moe,485,5.087038E+00,,,1234
flame38m_g1_moe,490,5.070939E+00,,,1234
flame38m_g1_moe,495,5.065835E+00,,,1234
flame38m_g1_moe,500,5.054293E+00,,,1234
flame38m_g1_moe,505,5.036207E+00,,,1234
flame38m_g1_moe,510,5.031137E+00,,,1234
flame38m_g1_moe,515,5.019343E+00,,,1234
flame38m_g1_moe,520,5.017737E+00,,,1234
flame38m_g1_moe,525,4.998423E+00,,,1234
flame38m_g1_moe,530,4.999568E+00,,,1234
flame38m_g1_moe,535,4.982963E+00,,,1234
flame38m_g1_moe,540,4.983944E+00,,,1234
flame38m_g1_moe,545,4.976801E+00,,,1234
flame38m_g1_moe,550,4.965263E+00,,,1234
flame38m_g1_moe,555,4.957572E+00,,,1234
flame38m_g1_moe,560,4.943045E+00,,,1234
flame38m_g1_moe,565,4.932837E+00,,,1234
flame38m_g1_moe,570,4.923537E+00,,,1234
flame38m_g1_moe,575,4.921241E+00,,,1234
flame38m_g1_moe,580,4.909424E+00,,,1234
flame38m_g1_moe,585,4.901653E+00,,,1234
flame38m_g1_moe,590,4.892245E+00,,,1234
flame38m_g1_moe,595,4.885821E+00,,,1234
flame38m_g1_moe,600,4.878593E+00,,,1234
flame38m_g1_moe,605,4.870026E+00,,,1234
flame38m_g1_moe,610,4.862643E+00,,,1234
flame38m_g1_moe,615,4.858419E+00,,,1234
flame38m_g1_moe,620,4.839540E+00,,,1234
flame38m_g1_moe,625,4.843504E+00,,,1234
flame38m_g1_moe,630,4.836008E+00,,,1234
flame38m_g1_moe,635,4.833076E+00,,,1234
flame38m_g1_moe,640,4.827467E+00,,,1234
flame38m_g1_moe,645,4.809794E+00,,,1234
flame38m_g1_moe,650,4.812085E+00,,,1234
flame38m_g1_moe,655,4.799486E+00,,,1234
flame38m_g1_moe,660,4.793863E+00,,,1234
flame38m_g1_moe,665,4.787730E+00,,,1234
flame38m_g1_moe,670,4.774203E+00,,,1234
flame38m_g1_moe,675,4.772895E+00,,,1234
flame38m_g1_moe,680,4.771783E+00,,,1234
flame38m_g1_moe,685,4.767812E+00,,,1234
flame38m_g1_moe,690,4.755472E+00,,,1234
flame38m_g1_moe,695,4.750018E+00,,,1234
flame38m_g1_moe,700,4.741480E+00,,,1234
flame38m_g1_moe,705,4.731992E+00,,,1234
flame38m_g1_moe,710,4.725400E+00,,,1234
flame38m_g1_moe,715,4.727341E+00,,,1234
flame38m_g1_moe,720,4.720669E+00,,,1234
flame38m_g1_moe,725,4.714858E+00,,,1234
flame38m_g1_moe,730,4.713911E+00,,,1234
flame38m_g1_moe,735,4.695700E+00,,,1234
flame38m_g1_moe,740,4.693037E+00,,,1234
flame38m_g1_moe,745,4.695088E+00,,,1234
flame38m_g1_moe,750,4.670306E+00,,,1234
flame38m_g1_moe,755,4.676245E+00,,,1234
flame38m_g1_moe,760,4.677781E+00,,,1234
flame38m_g1_moe,765,4.666940E+00,,,1234
flame38m_g1_moe,770,4.652975E+00,,,1234
flame38m_g1_moe,775,4.651863E+00,,,1234
flame38m_g1_moe,780,4.650685E+00,,,1234
flame38m_g1_moe,785,4.639483E+00,,,1234
flame38m_g1_moe,790,4.638610E+00,,,1234
flame38m_g1_moe,795,4.638862E+00,,,1234
flame38m_g1_moe,800,4.626373E+00,,,1234
flame38m_g1_moe,805,4.613494E+00,,,1234
flame38m_g1_moe,810,4.606842E+00,,,1234
flame38m_g1_moe,815,4.617624E+00,,,1234
flame38m_g1_moe,820,4.607191E+00,,,1234
flame38m_g1_moe,825,4.605066E+00,,,1234
flame38m_g1_moe,830,4.610888E+00,,,1234
flame38m_g1_moe,835,4.592839E+00,,,1234
flame38m_g1_moe,840,4.582787E+00,,,1234
flame38m_g1_moe,845,4.575215E+00,,,1234
flame38m_g1_moe,850,4.574339E+00,,,1234
flame38m_g1_moe,855,4.571165E+00,,,1234
flame38m_g1_moe,860,4.563702E+00,,,1234
flame38m_g1_moe,865,4.566600E+00,,,1234
flame38m_g1_moe,870,4.557445E+00,,,1234
flame38m_g1_moe,875,4.551436E+00,,,1234
flame38m_g1_moe,880,4.546193E+00,,,1234
flame38m_g1_moe,885,4.539320E+00,,,1234
flame38m_g1_moe,890,4.537270E+00,,,1234
flame38m_g1_moe,895,4.522248E+00,,,1234
flame38m_g1_moe,900,4.528452E+00,,,1234
flame38m_g1_moe,905,4.522221E+00,,,1234
flame38m_g1_moe,910,4.512501E+00,,,1234
flame38m_g1_moe,915,4.508446E+00,,,1234
flame38m_g1_moe,920,4.511180E+00,,,1234
flame38m_g1_moe,925,4.502488E+00,,,1234
flame38m_g1_moe,930,4.488924E+00,,,1234
flame38m_g1_moe,935,4.486607E+00,,,1234
flame38m_g1_moe,940,4.483372E+00,,,1234
flame38m_g1_moe,945,4.484742E+00,,,1234
flame38m_g1_moe,950,4.482333E+00,,,1234
flame38m_g1_moe,955,4.474427E+00,,,1234
flame38m_g1_moe,960,4.467308E+00,,,1234
flame38m_g1_moe,965,4.460217E+00,,,1234
flame38m_g1_moe,970,4.451557E+00,,,1234
flame38m_g1_moe,975,4.447810E+00,,,1234
flame38m_g1_moe,980,4.445506E+00,,,1234
flame38m_g1_moe,985,4.442413E+00,,,1234
flame38m_g1_moe,990,4.438157E+00,,,1234
flame38m_g1_moe,995,4.429801E+00,,,1234
flame38m_g1_moe,1000,4.416243E+00,,,1234
flame38m_g1_moe,1005,4.429609E+00,,,1234
flame38m_g1_moe,1010,4.421776E+00,,,1234
flame38m_g1_moe,1015,4.410172E+00,,,1234
flame38m_g1_moe,1020,4.418415E+00,,,1234
flame38m_g1_moe,1025,4.398539E+00,,,1234
flame38m_g1_moe,1030,4.404822E+00,,,1234
flame38m_g1_moe,1035,4.399604E+00,,,1234
flame38m_g1_moe,1040,4.389315E+00,,,1234
flame38m_g1_moe,1045,4.396333E+00,,,1234
flame38m_g1_moe,1050,4.382369E+00,,,1234
flame38m_g1_moe,1055,4.368298E+00,,,1234
flame38m_g1_moe,1060,4.370036E+00,,,1234
flame38m_g1_moe,1065,4.372580E+00,,,1234
flame38m_g1_moe,1070,4.365955E+00,,,1234
flame38m_g1_moe,1075,4.361257E+00,,,1234
flame38m_g1_moe,1080,4.368065E+00,,,1234
flame38m_g1_moe,1085,4.352354E+00,,,1234
flame38m_g1_moe,1090,4.348394E+00,,,1234
flame38m_g1_moe,1095,4.349007E+00,,,1234
flame38m_g1_moe,1100,4.338958E+00,,,1234
flame38m_g1_moe,1105,4.337148E+00,,,1234
flame38m_g1_moe,1110,4.332188E+00,,,1234
flame38m_g1_moe,1115,4.335392E+00,,,1234
flame38m_g1_moe,1120,4.335699E+00,,,1234
flame38m_g1_moe,1125,4.312791E+00,,,1234
flame38m_g1_moe,1130,4.314759E+00,,,1234
flame38m_g1_moe,1135,4.312707E+00,,,1234
flame38m_g1_moe,1140,4.300411E+00,,,1234
flame38m_g1_moe,1145,4.294564E+00,,,1234
flame38m_g1_moe,1150,4.299413E+00,,,1234
flame38m_g1_moe,1155,4.293448E+00,,,1234
flame38m_g1_moe,1160,4.299630E+00,,,1234
flame38m_g1_moe,1165,4.286693E+00,,,1234
flame38m_g1_moe,1170,4.287627E+00,,,1234
flame38m_g1_moe,1175,4.287081E+00,,,1234
flame38m_g1_moe,1180,4.283407E+00,,,1234
flame38m_g1_moe,1185,4.283443E+00,,,1234
flame38m_g1_moe,1190,4.279885E+00,,,1234
flame38m_g1_moe,1195,4.262371E+00,,,1234
flame38m_g1_moe,1200,4.264399E+00,,,1234
flame38m_g1_moe,1205,4.268537E+00,,,1234
flame38m_g1_moe,1210,4.262296E+00,,,1234
flame38m_g1_moe,1215,4.253639E+00,,,1234
flame38m_g1_moe,1220,4.256975E+00,,,1234
flame38m_g1_moe,1225,4.243978E+00,,,1234
flame38m_g1_moe,1230,4.252304E+00,,,1234
flame38m_g1_moe,1235,4.249841E+00,,,1234
flame38m_g1_moe,1240,4.240723E+00,,,1234
flame38m_g1_moe,1245,4.241199E+00,,,1234
flame38m_g1_moe,1250,4.239241E+00,,,1234
flame38m_g1_moe,1255,4.231557E+00,,,1234
flame38m_g1_moe,1260,4.232572E+00,,,1234
flame38m_g1_moe,1265,4.221065E+00,,,1234
flame38m_g1_moe,1270,4.219666E+00,,,1234
flame38m_g1_moe,1275,4.210703E+00,,,1234
flame38m_g1_moe,1280,4.215288E+00,,,1234
flame38m_g1_moe,1285,4.220536E+00,,,1234
flame38m_g1_moe,1290,4.213208E+00,,,1234
flame38m_g1_moe,1295,4.216089E+00,,,1234
flame38m_g1_moe,1300,4.208865E+00,,,1234
flame38m_g1_moe,1305,4.211893E+00,,,1234
flame38m_g1_moe,1310,4.201056E+00,,,1234
flame38m_g1_moe,1315,4.198776E+00,,,1234
flame38m_g1_moe,1320,4.189252E+00,,,1234
flame38m_g1_moe,1325,4.195920E+00,,,1234
flame38m_g1_moe,1330,4.186588E+00,,,1234
flame38m_g1_moe,1335,4.178198E+00,,,1234
flame38m_g1_moe,1340,4.186857E+00,,,1234
flame38m_g1_moe,1345,4.173536E+00,,,1234
flame38m_g1_moe,1350,4.177822E+00,,,1234
flame38m_g1_moe,1355,4.177135E+00,,,1234
flame38m_g1_moe,1360,4.178614E+00,,,1234
flame38m_g1_moe,1365,4.176074E+00,,,1234
flame38m_g1_moe,1370,4.166446E+00,,,1234
flame38m_g1_moe,1375,4.166428E+00,,,1234
flame38m_g1_moe,1380,4.172760E+00,,,1234
flame38m_g1_moe,1385,4.160972E+00,,,1234
flame38m_g1_moe,1390,4.165575E+00,,,1234
flame38m_g1_moe,1395,4.165905E+00,,,1234
flame38m_g1_moe,1400,4.156662E+00,,,1234
flame38m_g1_moe,1405,4.155263E+00,,,1234
flame38m_g1_moe,1410,4.149377E+00,,,1234
flame38m_g1_moe,1415,4.148143E+00,,,1234
flame38m_g1_moe,1420,4.145989E+00,,,1234
flame38m_g1_moe,1425,4.142123E+00,,,1234
flame38m_g1_moe,1430,4.143053E+00,,,1234
flame38m_g1_moe,1435,4.139912E+00,,,1234
flame38m_g1_moe,1440,4.148648E+00,,,1234
flame38m_g1_moe,1445,4.144435E+00,,,1234
flame38m_g1_moe,1450,4.139119E+00,,,1234
flame38m_g1_moe,1455,4.140667E+00,,,1234
flame38m_g1_moe,1460,4.134255E+00,,,1234
flame38m_g1_moe,1465,4.133821E+00,,,1234
flame38m_g1_moe,1470,4.120993E+00,,,1234
flame38m_g1_moe,1475,4.119772E+00,,,1234
flame38m_g1_moe,1480,4.114291E+00,,,1234
flame38m_g1_moe,1485,4.113556E+00,,,1234
flame38m_g1_moe,1490,4.115876E+00,,,1234
flame38m_g1_moe,1495,4.116967E+00,,,1234
flame38m_g1_moe,1500,4.111869E+00,,,1234
flame38m_g1_moe,1505,4.106603E+00,,,1234
flame38m_g1_moe,1510,4.111696E+00,,,1234
flame38m_g1_moe,1515,4.104787E+00,,,1234
flame38m_g1_moe,1520,4.111589E+00,,,1234
flame38m_g1_moe,1525,4.094131E+00,,,1234
flame38m_g1_moe,1530,4.097356E+00,,,1234
flame38m_g1_moe,1535,4.100742E+00,,,1234
flame38m_g1_moe,1540,4.094608E+00,,,1234
flame38m_g1_moe,1545,4.095343E+00,,,1234
flame38m_g1_moe,1550,4.088593E+00,,,1234
flame38m_g1_moe,1555,4.101070E+00,,,1234
flame38m_g1_moe,1560,4.085534E+00,,,1234
flame38m_g1_moe,1565,4.085195E+00,,,1234
flame38m_g1_moe,1570,4.090557E+00,,,1234
flame38m_g1_moe,1575,4.084348E+00,,,1234
flame38m_g1_moe,1580,4.090186E+00,,,1234
flame38m_g1_moe,1585,4.083326E+00,,,1234
flame38m_g1_moe,1590,4.075857E+00,,,1234
flame38m_g1_moe,1595,4.070331E+00,,,1234
flame38m_g1_moe,1600,4.072581E+00,,,1234
flame38m_g1_moe,1605,4.060334E+00,,,1234
flame38m_g1_moe,1610,4.061036E+00,,,1234
flame38m_g1_moe,1615,4.067756E+00,,,1234
flame38m_g1_moe,1620,4.058242E+00,,,1234
flame38m_g1_moe,1625,4.058735E+00,,,1234
flame38m_g1_moe,1630,4.050726E+00,,,1234
flame38m_g1_moe,1635,4.057563E+00,,,1234
flame38m_g1_moe,1640,4.058313E+00,,,1234
flame38m_g1_moe,1645,4.053014E+00,,,1234
flame38m_g1_moe,1650,4.058957E+00,,,1234
flame38m_g1_moe,1655,4.060519E+00,,,1234
flame38m_g1_moe,1660,4.052950E+00,,,1234
flame38m_g1_moe,1665,4.048109E+00,,,1234
flame38m_g1_moe,1670,4.042938E+00,,,1234
flame38m_g1_moe,1675,4.048269E+00,,,1234
flame38m_g1_moe,1680,4.037637E+00,,,1234
flame38m_g1_moe,1685,4.039348E+00,,,1234
flame38m_g1_moe,1690,4.035038E+00,,,1234
flame38m_g1_moe,1695,4.039485E+00,,,1234
flame38m_g1_moe,1700,4.036464E+00,,,1234
flame38m_g1_moe,1705,4.036180E+00,,,1234
flame38m_g1_moe,1710,4.031329E+00,,,1234
flame38m_g1_moe,1715,4.032065E+00,,,1234
flame38m_g1_moe,1720,4.024693E+00,,,1234
flame38m_g1_moe,1725,4.033001E+00,,,1234
flame38m_g1_moe,1730,4.018996E+00,,,1234
flame38m_g1_moe,1735,4.023740E+00,,,1234
flame38m_g1_moe,1740,4.024881E+00,,,1234
flame38m_g1_moe,1745,4.029066E+00,,,1234
flame38m_g1_moe,1750,4.025901E+00,,,1234
flame38m_g1_moe,1755,4.017434E+00,,,1234
flame38m_g1_moe,1760,4.016515E+00,,,1234
flame38m_g1_moe,1765,4.022202E+00,,,1234
flame38m_g1_moe,1770,4.011090E+00,,,1234
flame38m_g1_moe,1775,4.016442E+00,,,1234
flame38m_g1_moe,1780,4.012457E+00,,,1234
flame38m_g1_moe,1785,4.016755E+00,,,1234
flame38m_g1_moe,1790,4.010555E+00,,,1234
flame38m_g1_moe,1795,4.012364E+00,,,1234
flame38m_g1_moe,1800,4.009401E+00,,,1234
flame38m_g1_moe,1805,3.999086E+00,,,1234
flame38m_g1_moe,1810,4.003339E+00,,,1234
flame38m_g1_moe,1815,3.998923E+00,,,1234
flame38m_g1_moe,1820,4.000262E+00,,,1234
flame38m_g1_moe,1825,4.002447E+00,,,1234
flame38m_g1_moe,1830,3.992393E+00,,,1234
flame38m_g1_moe,1835,3.996367E+00,,,1234
flame38m_g1_moe,1840,3.979534E+00,,,1234
flame38m_g1_moe,1845,3.979628E+00,,,1234
flame38m_g1_moe,1850,3.987862E+00,,,1234
flame38m_g1_moe,1855,3.982656E+00,,,1234
flame38m_g1_moe,1860,3.979719E+00,,,1234
flame38m_g1_moe,1865,3.987067E+00,,,1234
flame38m_g1_moe,1870,3.987621E+00,,,1234
flame38m_g1_moe,1875,3.986322E+00,,,1234
flame38m_g1_moe,1880,3.986351E+00,,,1234
flame38m_g1_moe,1885,3.995539E+00,,,1234
flame38m_g1_moe,1890,3.987469E+00,,,1234
flame38m_g1_moe,1895,3.969930E+00,,,1234
flame38m_g1_moe,1900,3.970418E+00,,,1234
flame38m_g1_moe,1905,3.970726E+00,,,1234
flame38m_g1_moe,1910,3.967160E+00,,,1234
flame38m_g1_moe,1915,3.983803E+00,,,1234
flame38m_g1_moe,1920,3.969989E+00,,,1234
flame38m_g1_moe,1925,3.965082E+00,,,1234
flame38m_g1_moe,1930,3.968480E+00,,,1234
flame38m_g1_moe,1935,3.954996E+00,,,1234
flame38m_g1_moe,1940,3.959863E+00,,,1234
flame38m_g1_moe,1945,3.953862E+00,,,1234
flame38m_g1_moe,1950,3.955456E+00,,,1234
flame38m_g1_moe,1955,3.948617E+00,,,1234
flame38m_g1_moe,1960,3.952094E+00,,,1234
flame38m_g1_moe,1965,3.948617E+00,,,1234
flame38m_g1_moe,1970,3.955503E+00,,,1234
flame38m_g1_moe,1975,3.941169E+00,,,1234
flame38m_g1_moe,1980,3.940606E+00,,,1234
flame38m_g1_moe,1985,3.953329E+00,,,1234
flame38m_g1_moe,1990,3.940214E+00,,,1234
flame38m_g1_moe,1995,3.934986E+00,,,1234
flame38m_g1_moe,2000,3.946743E+00,,,1234
flame38m_g1_moe,2005,3.927392E+00,,,1234
flame38m_g1_moe,2010,3.935186E+00,,,1234
flame38m_g1_moe,2015,3.936495E+00,,,1234
flame38m_g1_moe,2020,3.932602E+00,,,1234
flame38m_g1_moe,2025,3.922692E+00,,,1234
flame38m_g1_moe,2030,3.921871E+00,,,1234
flame38m_g1_moe,2035,3.928674E+00,,,1234
flame38m_g1_moe,2040,3.924743E+00,,,1234
flame38m_g1_moe,2045,3.920749E+00,,,1234
flame38m_g1_moe,2050,3.920408E+00,,,1234
flame38m_g1_moe,2055,3.919346E+00,,,1234
flame38m_g1_moe,2060,3.924667E+00,,,1234
flame38m_g1_moe,2065,3.922603E+00,,,1234
flame38m_g1_moe,2070,3.912058E+00,,,1234
flame38m_g1_moe,2075,3.919111E+00,,,1234
flame38m_g1_moe,2080,3.921214E+00,,,1234
flame38m_g1_moe,2085,3.926419E+00,,,1234
flame38m_g1_moe,2090,3.917630E+00,,,1234
flame38m_g1_moe,2095,3.909763E+00,,,1234
flame38m_g1_moe,2100,3.921006E+00,,,1234
flame38m_g1_moe,2105,3.912904E+00,,,1234
flame38m_g1_moe,2110,3.916201E+00,,,1234
flame38m_g1_moe,2115,3.908864E+00,,,1234
flame38m_g1_moe,2120,3.916793E+00,,,1234
flame38m_g1_moe,2121,,3.914069,3.918414,1234
flame38m_g1_moe_s2,5,1.080736E+01,,,2
flame38m_g1_moe_s2,10,1.045659E+01,,,2
flame38m_g1_moe_s2,15,1.021810E+01,,,2
flame38m_g1_moe_s2,20,9.872183E+00,,,2
flame38m_g1_moe_s2,25,9.449337E+00,,,2
flame38m_g1_moe_s2,30,8.995873E+00,,,2
flame38m_g1_moe_s2,35,8.606001E+00,,,2
flame38m_g1_moe_s2,40,8.262664E+00,,,2
flame38m_g1_moe_s2,45,7.975375E+00,,,2
flame38m_g1_moe_s2,50,7.719775E+00,,,2
flame38m_g1_moe_s2,55,7.520434E+00,,,2
flame38m_g1_moe_s2,60,7.368205E+00,,,2
flame38m_g1_moe_s2,65,7.225702E+00,,,2
flame38m_g1_moe_s2,70,7.102940E+00,,,2
flame38m_g1_moe_s2,75,7.017065E+00,,,2
flame38m_g1_moe_s2,80,6.932365E+00,,,2
flame38m_g1_moe_s2,85,6.862606E+00,,,2
flame38m_g1_moe_s2,90,6.780900E+00,,,2
flame38m_g1_moe_s2,95,6.723365E+00,,,2
flame38m_g1_moe_s2,100,6.658853E+00,,,2
flame38m_g1_moe_s2,105,6.619943E+00,,,2
flame38m_g1_moe_s2,110,6.579971E+00,,,2
flame38m_g1_moe_s2,115,6.535379E+00,,,2
flame38m_g1_moe_s2,120,6.482454E+00,,,2
flame38m_g1_moe_s2,125,6.457324E+00,,,2
flame38m_g1_moe_s2,130,6.415920E+00,,,2
flame38m_g1_moe_s2,135,6.377463E+00,,,2
flame38m_g1_moe_s2,140,6.344416E+00,,,2
flame38m_g1_moe_s2,145,6.310110E+00,,,2
flame38m_g1_moe_s2,150,6.283383E+00,,,2
flame38m_g1_moe_s2,155,6.244124E+00,,,2
flame38m_g1_moe_s2,160,6.222988E+00,,,2
flame38m_g1_moe_s2,165,6.191895E+00,,,2
flame38m_g1_moe_s2,170,6.159962E+00,,,2
flame38m_g1_moe_s2,175,6.132541E+00,,,2
flame38m_g1_moe_s2,180,6.110303E+00,,,2
flame38m_g1_moe_s2,185,6.075686E+00,,,2
flame38m_g1_moe_s2,190,6.051138E+00,,,2
flame38m_g1_moe_s2,195,6.030670E+00,,,2
flame38m_g1_moe_s2,200,6.001044E+00,,,2
flame38m_g1_moe_s2,205,5.964791E+00,,,2
flame38m_g1_moe_s2,210,5.946877E+00,,,2
flame38m_g1_moe_s2,215,5.927364E+00,,,2
flame38m_g1_moe_s2,220,5.902211E+00,,,2
flame38m_g1_moe_s2,225,5.862867E+00,,,2
flame38m_g1_moe_s2,230,5.850557E+00,,,2
flame38m_g1_moe_s2,235,5.828325E+00,,,2
flame38m_g1_moe_s2,240,5.806661E+00,,,2
flame38m_g1_moe_s2,245,5.786491E+00,,,2
flame38m_g1_moe_s2,250,5.763620E+00,,,2
flame38m_g1_moe_s2,255,5.744104E+00,,,2
flame38m_g1_moe_s2,260,5.717321E+00,,,2
flame38m_g1_moe_s2,265,5.706982E+00,,,2
flame38m_g1_moe_s2,270,5.666452E+00,,,2
flame38m_g1_moe_s2,275,5.661348E+00,,,2
flame38m_g1_moe_s2,280,5.635145E+00,,,2
flame38m_g1_moe_s2,285,5.623831E+00,,,2
flame38m_g1_moe_s2,290,5.598882E+00,,,2
flame38m_g1_moe_s2,295,5.584126E+00,,,2
flame38m_g1_moe_s2,300,5.561455E+00,,,2
flame38m_g1_moe_s2,305,5.535796E+00,,,2
flame38m_g1_moe_s2,310,5.527186E+00,,,2
flame38m_g1_moe_s2,315,5.504801E+00,,,2
flame38m_g1_moe_s2,320,5.500474E+00,,,2
flame38m_g1_moe_s2,325,5.477597E+00,,,2
flame38m_g1_moe_s2,330,5.468421E+00,,,2
flame38m_g1_moe_s2,335,5.442249E+00,,,2
flame38m_g1_moe_s2,340,5.417596E+00,,,2
flame38m_g1_moe_s2,345,5.415658E+00,,,2
flame38m_g1_moe_s2,350,5.398441E+00,,,2
flame38m_g1_moe_s2,355,5.384387E+00,,,2
flame38m_g1_moe_s2,360,5.374001E+00,,,2
flame38m_g1_moe_s2,365,5.349599E+00,,,2
flame38m_g1_moe_s2,370,5.340585E+00,,,2
flame38m_g1_moe_s2,375,5.325237E+00,,,2
flame38m_g1_moe_s2,380,5.304260E+00,,,2
flame38m_g1_moe_s2,385,5.308035E+00,,,2
flame38m_g1_moe_s2,390,5.303108E+00,,,2
flame38m_g1_moe_s2,395,5.279700E+00,,,2
flame38m_g1_moe_s2,400,5.257248E+00,,,2
flame38m_g1_moe_s2,405,5.249020E+00,,,2
flame38m_g1_moe_s2,410,5.235051E+00,,,2
flame38m_g1_moe_s2,415,5.222752E+00,,,2
flame38m_g1_moe_s2,420,5.210414E+00,,,2
flame38m_g1_moe_s2,425,5.190973E+00,,,2
flame38m_g1_moe_s2,430,5.187213E+00,,,2
flame38m_g1_moe_s2,435,5.176717E+00,,,2
flame38m_g1_moe_s2,440,5.173267E+00,,,2
flame38m_g1_moe_s2,445,5.150235E+00,,,2
flame38m_g1_moe_s2,450,5.144996E+00,,,2
flame38m_g1_moe_s2,455,5.126679E+00,,,2
flame38m_g1_moe_s2,460,5.125139E+00,,,2
flame38m_g1_moe_s2,465,5.116314E+00,,,2
flame38m_g1_moe_s2,470,5.086809E+00,,,2
flame38m_g1_moe_s2,475,5.077055E+00,,,2
flame38m_g1_moe_s2,480,5.073727E+00,,,2
flame38m_g1_moe_s2,485,5.068271E+00,,,2
flame38m_g1_moe_s2,490,5.054178E+00,,,2
flame38m_g1_moe_s2,495,5.041455E+00,,,2
flame38m_g1_moe_s2,500,5.027750E+00,,,2
flame38m_g1_moe_s2,505,5.026160E+00,,,2
flame38m_g1_moe_s2,510,5.021033E+00,,,2
flame38m_g1_moe_s2,515,5.005119E+00,,,2
flame38m_g1_moe_s2,520,4.996625E+00,,,2
flame38m_g1_moe_s2,525,4.981792E+00,,,2
flame38m_g1_moe_s2,530,4.985767E+00,,,2
flame38m_g1_moe_s2,535,4.980923E+00,,,2
flame38m_g1_moe_s2,540,4.963677E+00,,,2
flame38m_g1_moe_s2,545,4.975629E+00,,,2
flame38m_g1_moe_s2,550,4.953236E+00,,,2
flame38m_g1_moe_s2,555,4.941228E+00,,,2
flame38m_g1_moe_s2,560,4.939946E+00,,,2
flame38m_g1_moe_s2,565,4.916799E+00,,,2
flame38m_g1_moe_s2,570,4.921630E+00,,,2
flame38m_g1_moe_s2,575,4.905417E+00,,,2
flame38m_g1_moe_s2,580,4.897859E+00,,,2
flame38m_g1_moe_s2,585,4.882816E+00,,,2
flame38m_g1_moe_s2,590,4.890281E+00,,,2
flame38m_g1_moe_s2,595,4.871924E+00,,,2
flame38m_g1_moe_s2,600,4.876429E+00,,,2
flame38m_g1_moe_s2,605,4.864280E+00,,,2
flame38m_g1_moe_s2,610,4.855660E+00,,,2
flame38m_g1_moe_s2,615,4.849291E+00,,,2
flame38m_g1_moe_s2,620,4.840693E+00,,,2
flame38m_g1_moe_s2,625,4.820643E+00,,,2
flame38m_g1_moe_s2,630,4.815409E+00,,,2
flame38m_g1_moe_s2,635,4.815556E+00,,,2
flame38m_g1_moe_s2,640,4.795341E+00,,,2
flame38m_g1_moe_s2,645,4.800004E+00,,,2
flame38m_g1_moe_s2,650,4.798730E+00,,,2
flame38m_g1_moe_s2,655,4.782537E+00,,,2
flame38m_g1_moe_s2,660,4.780116E+00,,,2
flame38m_g1_moe_s2,665,4.775887E+00,,,2
flame38m_g1_moe_s2,670,4.769479E+00,,,2
flame38m_g1_moe_s2,675,4.763249E+00,,,2
flame38m_g1_moe_s2,680,4.758431E+00,,,2
flame38m_g1_moe_s2,685,4.751085E+00,,,2
flame38m_g1_moe_s2,690,4.743266E+00,,,2
flame38m_g1_moe_s2,695,4.741674E+00,,,2
flame38m_g1_moe_s2,700,4.736969E+00,,,2
flame38m_g1_moe_s2,705,4.731066E+00,,,2
flame38m_g1_moe_s2,710,4.715971E+00,,,2
flame38m_g1_moe_s2,715,4.718884E+00,,,2
flame38m_g1_moe_s2,720,4.704072E+00,,,2
flame38m_g1_moe_s2,725,4.693349E+00,,,2
flame38m_g1_moe_s2,730,4.696781E+00,,,2
flame38m_g1_moe_s2,735,4.692980E+00,,,2
flame38m_g1_moe_s2,740,4.672677E+00,,,2
flame38m_g1_moe_s2,745,4.668798E+00,,,2
flame38m_g1_moe_s2,750,4.669545E+00,,,2
flame38m_g1_moe_s2,755,4.666462E+00,,,2
flame38m_g1_moe_s2,760,4.653661E+00,,,2
flame38m_g1_moe_s2,765,4.652131E+00,,,2
flame38m_g1_moe_s2,770,4.649371E+00,,,2
flame38m_g1_moe_s2,775,4.650046E+00,,,2
flame38m_g1_moe_s2,780,4.640836E+00,,,2
flame38m_g1_moe_s2,785,4.634158E+00,,,2
flame38m_g1_moe_s2,790,4.632101E+00,,,2
flame38m_g1_moe_s2,795,4.619394E+00,,,2
flame38m_g1_moe_s2,800,4.612742E+00,,,2
flame38m_g1_moe_s2,805,4.603361E+00,,,2
flame38m_g1_moe_s2,810,4.611586E+00,,,2
flame38m_g1_moe_s2,815,4.606548E+00,,,2
flame38m_g1_moe_s2,820,4.599934E+00,,,2
flame38m_g1_moe_s2,825,4.596097E+00,,,2
flame38m_g1_moe_s2,830,4.581442E+00,,,2
flame38m_g1_moe_s2,835,4.574724E+00,,,2
flame38m_g1_moe_s2,840,4.575928E+00,,,2
flame38m_g1_moe_s2,845,4.575215E+00,,,2
flame38m_g1_moe_s2,850,4.562348E+00,,,2
flame38m_g1_moe_s2,855,4.561620E+00,,,2
flame38m_g1_moe_s2,860,4.563255E+00,,,2
flame38m_g1_moe_s2,865,4.558607E+00,,,2
flame38m_g1_moe_s2,870,4.532444E+00,,,2
flame38m_g1_moe_s2,875,4.537108E+00,,,2
flame38m_g1_moe_s2,880,4.536777E+00,,,2
flame38m_g1_moe_s2,885,4.534607E+00,,,2
flame38m_g1_moe_s2,890,4.532220E+00,,,2
flame38m_g1_moe_s2,895,4.530605E+00,,,2
flame38m_g1_moe_s2,900,4.519445E+00,,,2
flame38m_g1_moe_s2,905,4.512420E+00,,,2
flame38m_g1_moe_s2,910,4.502487E+00,,,2
flame38m_g1_moe_s2,915,4.495710E+00,,,2
flame38m_g1_moe_s2,920,4.497151E+00,,,2
flame38m_g1_moe_s2,925,4.492655E+00,,,2
flame38m_g1_moe_s2,930,4.481153E+00,,,2
flame38m_g1_moe_s2,935,4.482301E+00,,,2
flame38m_g1_moe_s2,940,4.475686E+00,,,2
flame38m_g1_moe_s2,945,4.476294E+00,,,2
flame38m_g1_moe_s2,950,4.481425E+00,,,2
flame38m_g1_moe_s2,955,4.467694E+00,,,2
flame38m_g1_moe_s2,960,4.464199E+00,,,2
flame38m_g1_moe_s2,965,4.458144E+00,,,2
flame38m_g1_moe_s2,970,4.458023E+00,,,2
flame38m_g1_moe_s2,975,4.451186E+00,,,2
flame38m_g1_moe_s2,980,4.447549E+00,,,2
flame38m_g1_moe_s2,985,4.447552E+00,,,2
flame38m_g1_moe_s2,990,4.440004E+00,,,2
flame38m_g1_moe_s2,995,4.430175E+00,,,2
flame38m_g1_moe_s2,1000,4.423570E+00,,,2
flame38m_g1_moe_s2,1005,4.427290E+00,,,2
flame38m_g1_moe_s2,1010,4.429810E+00,,,2
flame38m_g1_moe_s2,1015,4.411286E+00,,,2
flame38m_g1_moe_s2,1020,4.393705E+00,,,2
flame38m_g1_moe_s2,1025,4.397969E+00,,,2
flame38m_g1_moe_s2,1030,4.407196E+00,,,2
flame38m_g1_moe_s2,1035,4.394805E+00,,,2
flame38m_g1_moe_s2,1040,4.389925E+00,,,2
flame38m_g1_moe_s2,1045,4.401499E+00,,,2
flame38m_g1_moe_s2,1050,4.392864E+00,,,2
flame38m_g1_moe_s2,1055,4.390937E+00,,,2
flame38m_g1_moe_s2,1060,4.376155E+00,,,2
flame38m_g1_moe_s2,1065,4.373792E+00,,,2
flame38m_g1_moe_s2,1070,4.369932E+00,,,2
flame38m_g1_moe_s2,1075,4.359387E+00,,,2
flame38m_g1_moe_s2,1080,4.356008E+00,,,2
flame38m_g1_moe_s2,1085,4.368645E+00,,,2
flame38m_g1_moe_s2,1090,4.358403E+00,,,2
flame38m_g1_moe_s2,1095,4.355451E+00,,,2
flame38m_g1_moe_s2,1100,4.350491E+00,,,2
flame38m_g1_moe_s2,1105,4.350664E+00,,,2
flame38m_g1_moe_s2,1110,4.341837E+00,,,2
flame38m_g1_moe_s2,1115,4.338210E+00,,,2
flame38m_g1_moe_s2,1120,4.336710E+00,,,2
flame38m_g1_moe_s2,1125,4.341006E+00,,,2
flame38m_g1_moe_s2,1130,4.334772E+00,,,2
flame38m_g1_moe_s2,1135,4.322361E+00,,,2
flame38m_g1_moe_s2,1140,4.323828E+00,,,2
flame38m_g1_moe_s2,1145,4.312352E+00,,,2
flame38m_g1_moe_s2,1150,4.319367E+00,,,2
flame38m_g1_moe_s2,1155,4.302468E+00,,,2
flame38m_g1_moe_s2,1160,4.304469E+00,,,2
flame38m_g1_moe_s2,1165,4.303163E+00,,,2
flame38m_g1_moe_s2,1170,4.305266E+00,,,2
flame38m_g1_moe_s2,1175,4.297474E+00,,,2
flame38m_g1_moe_s2,1180,4.295127E+00,,,2
flame38m_g1_moe_s2,1185,4.286405E+00,,,2
flame38m_g1_moe_s2,1190,4.291402E+00,,,2
flame38m_g1_moe_s2,1195,4.279858E+00,,,2
flame38m_g1_moe_s2,1200,4.283469E+00,,,2
flame38m_g1_moe_s2,1205,4.274588E+00,,,2
flame38m_g1_moe_s2,1210,4.282637E+00,,,2
flame38m_g1_moe_s2,1215,4.277140E+00,,,2
flame38m_g1_moe_s2,1220,4.277029E+00,,,2
flame38m_g1_moe_s2,1225,4.273414E+00,,,2
flame38m_g1_moe_s2,1230,4.247734E+00,,,2
flame38m_g1_moe_s2,1235,4.252746E+00,,,2
flame38m_g1_moe_s2,1240,4.247355E+00,,,2
flame38m_g1_moe_s2,1245,4.264917E+00,,,2
flame38m_g1_moe_s2,1250,4.238947E+00,,,2
flame38m_g1_moe_s2,1255,4.247135E+00,,,2
flame38m_g1_moe_s2,1260,4.246902E+00,,,2
flame38m_g1_moe_s2,1265,4.237974E+00,,,2
flame38m_g1_moe_s2,1270,4.246730E+00,,,2
flame38m_g1_moe_s2,1275,4.242987E+00,,,2
flame38m_g1_moe_s2,1280,4.240797E+00,,,2
flame38m_g1_moe_s2,1285,4.233659E+00,,,2
flame38m_g1_moe_s2,1290,4.236162E+00,,,2
flame38m_g1_moe_s2,1295,4.226453E+00,,,2
flame38m_g1_moe_s2,1300,4.220985E+00,,,2
flame38m_g1_moe_s2,1305,4.212053E+00,,,2
flame38m_g1_moe_s2,1310,4.216281E+00,,,2
flame38m_g1_moe_s2,1315,4.201974E+00,,,2
flame38m_g1_moe_s2,1320,4.210180E+00,,,2
flame38m_g1_moe_s2,1325,4.206952E+00,,,2
flame38m_g1_moe_s2,1330,4.209714E+00,,,2
flame38m_g1_moe_s2,1335,4.202560E+00,,,2
flame38m_g1_moe_s2,1340,4.202763E+00,,,2
flame38m_g1_moe_s2,1345,4.189765E+00,,,2
flame38m_g1_moe_s2,1350,4.193509E+00,,,2
flame38m_g1_moe_s2,1355,4.197507E+00,,,2
flame38m_g1_moe_s2,1360,4.190363E+00,,,2
flame38m_g1_moe_s2,1365,4.195027E+00,,,2
flame38m_g1_moe_s2,1370,4.178839E+00,,,2
flame38m_g1_moe_s2,1375,4.179718E+00,,,2
flame38m_g1_moe_s2,1380,4.187538E+00,,,2
flame38m_g1_moe_s2,1385,4.178494E+00,,,2
flame38m_g1_moe_s2,1390,4.177055E+00,,,2
flame38m_g1_moe_s2,1395,4.176017E+00,,,2
flame38m_g1_moe_s2,1400,4.174765E+00,,,2
flame38m_g1_moe_s2,1405,4.180045E+00,,,2
flame38m_g1_moe_s2,1410,4.162924E+00,,,2
flame38m_g1_moe_s2,1415,4.161988E+00,,,2
flame38m_g1_moe_s2,1420,4.151447E+00,,,2
flame38m_g1_moe_s2,1425,4.154813E+00,,,2
flame38m_g1_moe_s2,1430,4.153098E+00,,,2
flame38m_g1_moe_s2,1435,4.153405E+00,,,2
flame38m_g1_moe_s2,1440,4.141202E+00,,,2
flame38m_g1_moe_s2,1445,4.145709E+00,,,2
flame38m_g1_moe_s2,1450,4.149612E+00,,,2
flame38m_g1_moe_s2,1455,4.146581E+00,,,2
flame38m_g1_moe_s2,1460,4.147853E+00,,,2
flame38m_g1_moe_s2,1465,4.146000E+00,,,2
flame38m_g1_moe_s2,1470,4.136018E+00,,,2
flame38m_g1_moe_s2,1475,4.142295E+00,,,2
flame38m_g1_moe_s2,1480,4.127066E+00,,,2
flame38m_g1_moe_s2,1485,4.140832E+00,,,2
flame38m_g1_moe_s2,1490,4.124398E+00,,,2
flame38m_g1_moe_s2,1495,4.121313E+00,,,2
flame38m_g1_moe_s2,1500,4.121851E+00,,,2
flame38m_g1_moe_s2,1505,4.123337E+00,,,2
flame38m_g1_moe_s2,1510,4.122757E+00,,,2
flame38m_g1_moe_s2,1515,4.117014E+00,,,2
flame38m_g1_moe_s2,1520,4.106421E+00,,,2
flame38m_g1_moe_s2,1525,4.113439E+00,,,2
flame38m_g1_moe_s2,1530,4.121954E+00,,,2
flame38m_g1_moe_s2,1535,4.109851E+00,,,2
flame38m_g1_moe_s2,1540,4.110355E+00,,,2
flame38m_g1_moe_s2,1545,4.104277E+00,,,2
flame38m_g1_moe_s2,1550,4.108102E+00,,,2
flame38m_g1_moe_s2,1555,4.106302E+00,,,2
flame38m_g1_moe_s2,1560,4.109322E+00,,,2
flame38m_g1_moe_s2,1565,4.102708E+00,,,2
flame38m_g1_moe_s2,1570,4.102850E+00,,,2
flame38m_g1_moe_s2,1575,4.096733E+00,,,2
flame38m_g1_moe_s2,1580,4.098463E+00,,,2
flame38m_g1_moe_s2,1585,4.098531E+00,,,2
flame38m_g1_moe_s2,1590,4.098302E+00,,,2
flame38m_g1_moe_s2,1595,4.088592E+00,,,2
flame38m_g1_moe_s2,1600,4.085013E+00,,,2
flame38m_g1_moe_s2,1605,4.079328E+00,,,2
flame38m_g1_moe_s2,1610,4.087627E+00,,,2
flame38m_g1_moe_s2,1615,4.066949E+00,,,2
flame38m_g1_moe_s2,1620,4.082022E+00,,,2
flame38m_g1_moe_s2,1625,4.060864E+00,,,2
flame38m_g1_moe_s2,1630,4.069328E+00,,,2
flame38m_g1_moe_s2,1635,4.077068E+00,,,2
flame38m_g1_moe_s2,1640,4.075290E+00,,,2
flame38m_g1_moe_s2,1645,4.066673E+00,,,2
flame38m_g1_moe_s2,1650,4.065879E+00,,,2
flame38m_g1_moe_s2,1655,4.065678E+00,,,2
flame38m_g1_moe_s2,1660,4.070860E+00,,,2
flame38m_g1_moe_s2,1665,4.055814E+00,,,2
flame38m_g1_moe_s2,1670,4.057390E+00,,,2
flame38m_g1_moe_s2,1675,4.060167E+00,,,2
flame38m_g1_moe_s2,1680,4.049526E+00,,,2
flame38m_g1_moe_s2,1685,4.058903E+00,,,2
flame38m_g1_moe_s2,1690,4.051062E+00,,,2
flame38m_g1_moe_s2,1695,4.053373E+00,,,2
flame38m_g1_moe_s2,1700,4.053623E+00,,,2
flame38m_g1_moe_s2,1705,4.047905E+00,,,2
flame38m_g1_moe_s2,1710,4.053741E+00,,,2
flame38m_g1_moe_s2,1715,4.052543E+00,,,2
flame38m_g1_moe_s2,1720,4.041667E+00,,,2
flame38m_g1_moe_s2,1725,4.041095E+00,,,2
flame38m_g1_moe_s2,1730,4.041496E+00,,,2
flame38m_g1_moe_s2,1735,4.033255E+00,,,2
flame38m_g1_moe_s2,1740,4.028547E+00,,,2
flame38m_g1_moe_s2,1745,4.033380E+00,,,2
flame38m_g1_moe_s2,1750,4.044157E+00,,,2
flame38m_g1_moe_s2,1755,4.040657E+00,,,2
flame38m_g1_moe_s2,1760,4.024046E+00,,,2
flame38m_g1_moe_s2,1765,4.029475E+00,,,2
flame38m_g1_moe_s2,1770,4.029318E+00,,,2
flame38m_g1_moe_s2,1775,4.025867E+00,,,2
flame38m_g1_moe_s2,1780,4.024406E+00,,,2
flame38m_g1_moe_s2,1785,4.035985E+00,,,2
flame38m_g1_moe_s2,1790,4.022836E+00,,,2
flame38m_g1_moe_s2,1795,4.024497E+00,,,2
flame38m_g1_moe_s2,1800,4.017967E+00,,,2
flame38m_g1_moe_s2,1805,4.015835E+00,,,2
flame38m_g1_moe_s2,1810,4.010390E+00,,,2
flame38m_g1_moe_s2,1815,4.014923E+00,,,2
flame38m_g1_moe_s2,1820,4.016356E+00,,,2
flame38m_g1_moe_s2,1825,4.005886E+00,,,2
flame38m_g1_moe_s2,1830,4.010636E+00,,,2
flame38m_g1_moe_s2,1835,4.010484E+00,,,2
flame38m_g1_moe_s2,1840,4.009543E+00,,,2
flame38m_g1_moe_s2,1845,4.010662E+00,,,2
flame38m_g1_moe_s2,1850,4.009636E+00,,,2
flame38m_g1_moe_s2,1855,4.007980E+00,,,2
flame38m_g1_moe_s2,1860,4.004326E+00,,,2
flame38m_g1_moe_s2,1865,4.002330E+00,,,2
flame38m_g1_moe_s2,1870,4.006367E+00,,,2
flame38m_g1_moe_s2,1875,3.999989E+00,,,2
flame38m_g1_moe_s2,1880,3.987365E+00,,,2
flame38m_g1_moe_s2,1885,3.995023E+00,,,2
flame38m_g1_moe_s2,1890,4.001543E+00,,,2
flame38m_g1_moe_s2,1895,3.993299E+00,,,2
flame38m_g1_moe_s2,1900,3.985526E+00,,,2
flame38m_g1_moe_s2,1905,3.984449E+00,,,2
flame38m_g1_moe_s2,1910,3.991840E+00,,,2
flame38m_g1_moe_s2,1915,3.996768E+00,,,2
flame38m_g1_moe_s2,1920,3.981631E+00,,,2
flame38m_g1_moe_s2,1925,3.976783E+00,,,2
flame38m_g1_moe_s2,1930,3.976498E+00,,,2
flame38m_g1_moe_s2,1935,3.976526E+00,,,2
flame38m_g1_moe_s2,1940,3.979209E+00,,,2
flame38m_g1_moe_s2,1945,3.973406E+00,,,2
flame38m_g1_moe_s2,1950,3.964449E+00,,,2
flame38m_g1_moe_s2,1955,3.961391E+00,,,2
flame38m_g1_moe_s2,1960,3.966919E+00,,,2
flame38m_g1_moe_s2,1965,3.970872E+00,,,2
flame38m_g1_moe_s2,1970,3.957111E+00,,,2
flame38m_g1_moe_s2,1975,3.952142E+00,,,2
flame38m_g1_moe_s2,1980,3.962914E+00,,,2
flame38m_g1_moe_s2,1985,3.951176E+00,,,2
flame38m_g1_moe_s2,1990,3.955515E+00,,,2
flame38m_g1_moe_s2,1995,3.949181E+00,,,2
flame38m_g1_moe_s2,2000,3.952270E+00,,,2
flame38m_g1_moe_s2,2005,3.946783E+00,,,2
flame38m_g1_moe_s2,2010,3.942039E+00,,,2
flame38m_g1_moe_s2,2015,3.952664E+00,,,2
flame38m_g1_moe_s2,2020,3.952314E+00,,,2
flame38m_g1_moe_s2,2025,3.941704E+00,,,2
flame38m_g1_moe_s2,2030,3.936980E+00,,,2
flame38m_g1_moe_s2,2035,3.951932E+00,,,2
flame38m_g1_moe_s2,2040,3.934738E+00,,,2
flame38m_g1_moe_s2,2045,3.943562E+00,,,2
flame38m_g1_moe_s2,2050,3.932468E+00,,,2
flame38m_g1_moe_s2,2055,3.943652E+00,,,2
flame38m_g1_moe_s2,2060,3.949892E+00,,,2
flame38m_g1_moe_s2,2065,3.942799E+00,,,2
flame38m_g1_moe_s2,2070,3.933791E+00,,,2
flame38m_g1_moe_s2,2075,3.936077E+00,,,2
flame38m_g1_moe_s2,2080,3.935061E+00,,,2
flame38m_g1_moe_s2,2085,3.935554E+00,,,2
flame38m_g1_moe_s2,2090,3.929287E+00,,,2
flame38m_g1_moe_s2,2095,3.934930E+00,,,2
flame38m_g1_moe_s2,2100,3.932888E+00,,,2
flame38m_g1_moe_s2,2105,3.932077E+00,,,2
flame38m_g1_moe_s2,2110,3.932184E+00,,,2
flame38m_g1_moe_s2,2115,3.928705E+00,,,2
flame38m_g1_moe_s2,2120,3.927418E+00,,,2
flame38m_g1_moe_s2,2121,,3.932836,3.930210,2
flame38m_g1_temporal,5,1.081115E+01,,1234
flame38m_g1_temporal,10,1.044100E+01,,1234
flame38m_g1_temporal,15,1.019412E+01,,1234
flame38m_g1_temporal,20,9.839344E+00,,1234
flame38m_g1_temporal,25,9.409258E+00,,1234
flame38m_g1_temporal,30,8.956625E+00,,1234
flame38m_g1_temporal,35,8.555080E+00,,1234
flame38m_g1_temporal,40,8.207774E+00,,1234
flame38m_g1_temporal,45,7.909500E+00,,1234
flame38m_g1_temporal,50,7.646235E+00,,1234
flame38m_g1_temporal,55,7.451067E+00,,1234
flame38m_g1_temporal,60,7.275021E+00,,1234
flame38m_g1_temporal,65,7.133907E+00,,1234
flame38m_g1_temporal,70,7.000668E+00,,1234
flame38m_g1_temporal,75,6.898928E+00,,1234
flame38m_g1_temporal,80,6.812109E+00,,1234
flame38m_g1_temporal,85,6.738155E+00,,1234
flame38m_g1_temporal,90,6.661119E+00,,1234
flame38m_g1_temporal,95,6.600696E+00,,1234
flame38m_g1_temporal,100,6.550858E+00,,1234
flame38m_g1_temporal,105,6.497386E+00,,1234
flame38m_g1_temporal,110,6.444565E+00,,1234
flame38m_g1_temporal,115,6.404854E+00,,1234
flame38m_g1_temporal,120,6.369020E+00,,1234
flame38m_g1_temporal,125,6.332871E+00,,1234
flame38m_g1_temporal,130,6.309062E+00,,1234
flame38m_g1_temporal,135,6.265589E+00,,1234
flame38m_g1_temporal,140,6.239963E+00,,1234
flame38m_g1_temporal,145,6.208800E+00,,1234
flame38m_g1_temporal,150,6.171399E+00,,1234
flame38m_g1_temporal,155,6.149180E+00,,1234
flame38m_g1_temporal,160,6.133249E+00,,1234
flame38m_g1_temporal,165,6.089735E+00,,1234
flame38m_g1_temporal,170,6.067512E+00,,1234
flame38m_g1_temporal,175,6.038099E+00,,1234
flame38m_g1_temporal,180,6.007756E+00,,1234
flame38m_g1_temporal,185,5.986231E+00,,1234
flame38m_g1_temporal,190,5.959164E+00,,1234
flame38m_g1_temporal,195,5.938402E+00,,1234
flame38m_g1_temporal,200,5.899002E+00,,1234
flame38m_g1_temporal,205,5.874998E+00,,1234
flame38m_g1_temporal,210,5.855767E+00,,1234
flame38m_g1_temporal,215,5.840998E+00,,1234
flame38m_g1_temporal,220,5.795195E+00,,1234
flame38m_g1_temporal,225,5.784935E+00,,1234
flame38m_g1_temporal,230,5.771743E+00,,1234
flame38m_g1_temporal,235,5.732734E+00,,1234
flame38m_g1_temporal,240,5.724239E+00,,1234
flame38m_g1_temporal,245,5.687235E+00,,1234
flame38m_g1_temporal,250,5.660165E+00,,1234
flame38m_g1_temporal,255,5.645606E+00,,1234
flame38m_g1_temporal,260,5.634002E+00,,1234
flame38m_g1_temporal,265,5.610786E+00,,1234
flame38m_g1_temporal,270,5.584064E+00,,1234
flame38m_g1_temporal,275,5.558036E+00,,1234
flame38m_g1_temporal,280,5.535772E+00,,1234
flame38m_g1_temporal,285,5.509334E+00,,1234
flame38m_g1_temporal,290,5.499993E+00,,1234
flame38m_g1_temporal,295,5.476049E+00,,1234
flame38m_g1_temporal,300,5.454140E+00,,1234
flame38m_g1_temporal,305,5.450610E+00,,1234
flame38m_g1_temporal,310,5.430667E+00,,1234
flame38m_g1_temporal,315,5.412421E+00,,1234
flame38m_g1_temporal,320,5.379861E+00,,1234
flame38m_g1_temporal,325,5.367194E+00,,1234
flame38m_g1_temporal,330,5.357923E+00,,1234
flame38m_g1_temporal,335,5.328191E+00,,1234
flame38m_g1_temporal,340,5.328973E+00,,1234
flame38m_g1_temporal,345,5.310748E+00,,1234
flame38m_g1_temporal,350,5.283662E+00,,1234
flame38m_g1_temporal,355,5.276789E+00,,1234
flame38m_g1_temporal,360,5.258173E+00,,1234
flame38m_g1_temporal,365,5.240521E+00,,1234
flame38m_g1_temporal,370,5.236555E+00,,1234
flame38m_g1_temporal,375,5.214458E+00,,1234
flame38m_g1_temporal,380,5.196386E+00,,1234
flame38m_g1_temporal,385,5.192528E+00,,1234
flame38m_g1_temporal,390,5.168279E+00,,1234
flame38m_g1_temporal,395,5.150520E+00,,1234
flame38m_g1_temporal,400,5.132577E+00,,1234
flame38m_g1_temporal,405,5.127824E+00,,1234
flame38m_g1_temporal,410,5.130132E+00,,1234
flame38m_g1_temporal,415,5.117077E+00,,1234
flame38m_g1_temporal,420,5.101205E+00,,1234
flame38m_g1_temporal,425,5.088196E+00,,1234
flame38m_g1_temporal,430,5.076636E+00,,1234
flame38m_g1_temporal,435,5.077147E+00,,1234
flame38m_g1_temporal,440,5.048616E+00,,1234
flame38m_g1_temporal,445,5.044897E+00,,1234
flame38m_g1_temporal,450,5.024527E+00,,1234
flame38m_g1_temporal,455,5.017485E+00,,1234
flame38m_g1_temporal,460,5.004233E+00,,1234
flame38m_g1_temporal,465,4.991607E+00,,1234
flame38m_g1_temporal,470,4.982933E+00,,1234
flame38m_g1_temporal,475,4.973045E+00,,1234
flame38m_g1_temporal,480,4.962101E+00,,1234
flame38m_g1_temporal,485,4.959972E+00,,1234
flame38m_g1_temporal,490,4.944617E+00,,1234
flame38m_g1_temporal,495,4.942775E+00,,1234
flame38m_g1_temporal,500,4.933739E+00,,1234
flame38m_g1_temporal,505,4.910415E+00,,1234
flame38m_g1_temporal,510,4.905722E+00,,1234
flame38m_g1_temporal,515,4.894059E+00,,1234
flame38m_g1_temporal,520,4.890648E+00,,1234
flame38m_g1_temporal,525,4.878464E+00,,1234
flame38m_g1_temporal,530,4.876068E+00,,1234
flame38m_g1_temporal,535,4.855328E+00,,1234
flame38m_g1_temporal,540,4.858255E+00,,1234
flame38m_g1_temporal,545,4.849715E+00,,1234
flame38m_g1_temporal,550,4.834723E+00,,1234
flame38m_g1_temporal,555,4.827621E+00,,1234
flame38m_g1_temporal,560,4.821177E+00,,1234
flame38m_g1_temporal,565,4.819471E+00,,1234
flame38m_g1_temporal,570,4.811326E+00,,1234
flame38m_g1_temporal,575,4.806031E+00,,1234
flame38m_g1_temporal,580,4.792705E+00,,1234
flame38m_g1_temporal,585,4.783468E+00,,1234
flame38m_g1_temporal,590,4.772037E+00,,1234
flame38m_g1_temporal,595,4.767287E+00,,1234
flame38m_g1_temporal,600,4.759990E+00,,1234
flame38m_g1_temporal,605,4.749954E+00,,1234
flame38m_g1_temporal,610,4.746004E+00,,1234
flame38m_g1_temporal,615,4.744473E+00,,1234
flame38m_g1_temporal,620,4.730989E+00,,1234
flame38m_g1_temporal,625,4.737337E+00,,1234
flame38m_g1_temporal,630,4.731853E+00,,1234
flame38m_g1_temporal,635,4.721555E+00,,1234
flame38m_g1_temporal,640,4.712821E+00,,1234
flame38m_g1_temporal,645,4.698717E+00,,1234
flame38m_g1_temporal,650,4.701292E+00,,1234
flame38m_g1_temporal,655,4.686747E+00,,1234
flame38m_g1_temporal,660,4.678329E+00,,1234
flame38m_g1_temporal,665,4.671912E+00,,1234
flame38m_g1_temporal,670,4.658691E+00,,1234
flame38m_g1_temporal,675,4.658779E+00,,1234
flame38m_g1_temporal,680,4.658636E+00,,1234
flame38m_g1_temporal,685,4.660568E+00,,1234
flame38m_g1_temporal,690,4.654092E+00,,1234
flame38m_g1_temporal,695,4.646208E+00,,1234
flame38m_g1_temporal,700,4.641560E+00,,1234
flame38m_g1_temporal,705,4.633222E+00,,1234
flame38m_g1_temporal,710,4.627312E+00,,1234
flame38m_g1_temporal,715,4.626548E+00,,1234
flame38m_g1_temporal,720,4.619299E+00,,1234
flame38m_g1_temporal,725,4.610889E+00,,1234
flame38m_g1_temporal,730,4.605770E+00,,1234
flame38m_g1_temporal,735,4.589196E+00,,1234
flame38m_g1_temporal,740,4.583897E+00,,1234
flame38m_g1_temporal,745,4.590527E+00,,1234
flame38m_g1_temporal,750,4.573447E+00,,1234
flame38m_g1_temporal,755,4.587306E+00,,1234
flame38m_g1_temporal,760,4.587866E+00,,1234
flame38m_g1_temporal,765,4.571704E+00,,1234
flame38m_g1_temporal,770,4.555357E+00,,1234
flame38m_g1_temporal,775,4.551442E+00,,1234
flame38m_g1_temporal,780,4.550966E+00,,1234
flame38m_g1_temporal,785,4.537561E+00,,1234
flame38m_g1_temporal,790,4.536817E+00,,1234
flame38m_g1_temporal,795,4.539520E+00,,1234
flame38m_g1_temporal,800,4.529753E+00,,1234
flame38m_g1_temporal,805,4.525085E+00,,1234
flame38m_g1_temporal,810,4.521379E+00,,1234
flame38m_g1_temporal,815,4.531884E+00,,1234
flame38m_g1_temporal,820,4.518982E+00,,1234
flame38m_g1_temporal,825,4.516074E+00,,1234
flame38m_g1_temporal,830,4.518480E+00,,1234
flame38m_g1_temporal,835,4.499215E+00,,1234
flame38m_g1_temporal,840,4.494222E+00,,1234
flame38m_g1_temporal,845,4.488934E+00,,1234
flame38m_g1_temporal,850,4.484288E+00,,1234
flame38m_g1_temporal,855,4.480899E+00,,1234
flame38m_g1_temporal,860,4.474674E+00,,1234
flame38m_g1_temporal,865,4.478294E+00,,1234
flame38m_g1_temporal,870,4.473306E+00,,1234
flame38m_g1_temporal,875,4.470224E+00,,1234
flame38m_g1_temporal,880,4.465790E+00,,1234
flame38m_g1_temporal,885,4.456471E+00,,1234
flame38m_g1_temporal,890,4.450862E+00,,1234
flame38m_g1_temporal,895,4.434311E+00,,1234
flame38m_g1_temporal,900,4.439191E+00,,1234
flame38m_g1_temporal,905,4.433803E+00,,1234
flame38m_g1_temporal,910,4.424751E+00,,1234
flame38m_g1_temporal,915,4.423506E+00,,1234
flame38m_g1_temporal,920,4.429449E+00,,1234
flame38m_g1_temporal,925,4.426347E+00,,1234
flame38m_g1_temporal,930,4.415162E+00,,1234
flame38m_g1_temporal,935,4.413781E+00,,1234
flame38m_g1_temporal,940,4.407643E+00,,1234
flame38m_g1_temporal,945,4.407304E+00,,1234
flame38m_g1_temporal,950,4.405775E+00,,1234
flame38m_g1_temporal,955,4.398494E+00,,1234
flame38m_g1_temporal,960,4.391019E+00,,1234
flame38m_g1_temporal,965,4.385543E+00,,1234
flame38m_g1_temporal,970,4.374309E+00,,1234
flame38m_g1_temporal,975,4.370379E+00,,1234
flame38m_g1_temporal,980,4.367515E+00,,1234
flame38m_g1_temporal,985,4.370724E+00,,1234
flame38m_g1_temporal,990,4.367754E+00,,1234
flame38m_g1_temporal,995,4.361978E+00,,1234
flame38m_g1_temporal,1000,4.344107E+00,,1234
flame38m_g1_temporal,1005,4.354985E+00,,1234
flame38m_g1_temporal,1010,4.350546E+00,,1234
flame38m_g1_temporal,1015,4.342449E+00,,1234
flame38m_g1_temporal,1020,4.352806E+00,,1234
flame38m_g1_temporal,1025,4.336340E+00,,1234
flame38m_g1_temporal,1030,4.340069E+00,,1234
flame38m_g1_temporal,1035,4.330806E+00,,1234
flame38m_g1_temporal,1040,4.320546E+00,,1234
flame38m_g1_temporal,1045,4.329923E+00,,1234
flame38m_g1_temporal,1050,4.323265E+00,,1234
flame38m_g1_temporal,1055,4.311136E+00,,1234
flame38m_g1_temporal,1060,4.315009E+00,,1234
flame38m_g1_temporal,1065,4.314465E+00,,1234
flame38m_g1_temporal,1070,4.302191E+00,,1234
flame38m_g1_temporal,1075,4.297988E+00,,1234
flame38m_g1_temporal,1080,4.304449E+00,,1234
flame38m_g1_temporal,1085,4.286856E+00,,1234
flame38m_g1_temporal,1090,4.283511E+00,,1234
flame38m_g1_temporal,1095,4.284345E+00,,1234
flame38m_g1_temporal,1100,4.278099E+00,,1234
flame38m_g1_temporal,1105,4.280197E+00,,1234
flame38m_g1_temporal,1110,4.277416E+00,,1234
flame38m_g1_temporal,1115,4.280987E+00,,1234
flame38m_g1_temporal,1120,4.283900E+00,,1234
flame38m_g1_temporal,1125,4.262585E+00,,1234
flame38m_g1_temporal,1130,4.266392E+00,,1234
flame38m_g1_temporal,1135,4.264210E+00,,1234
flame38m_g1_temporal,1140,4.254112E+00,,1234
flame38m_g1_temporal,1145,4.245794E+00,,1234
flame38m_g1_temporal,1150,4.244439E+00,,1234
flame38m_g1_temporal,1155,4.238280E+00,,1234
flame38m_g1_temporal,1160,4.245045E+00,,1234
flame38m_g1_temporal,1165,4.233176E+00,,1234
flame38m_g1_temporal,1170,4.234179E+00,,1234
flame38m_g1_temporal,1175,4.232484E+00,,1234
flame38m_g1_temporal,1180,4.232249E+00,,1234
flame38m_g1_temporal,1185,4.235558E+00,,1234
flame38m_g1_temporal,1190,4.236597E+00,,1234
flame38m_g1_temporal,1195,4.218856E+00,,1234
flame38m_g1_temporal,1200,4.219824E+00,,1234
flame38m_g1_temporal,1205,4.223384E+00,,1234
flame38m_g1_temporal,1210,4.218634E+00,,1234
flame38m_g1_temporal,1215,4.209983E+00,,1234
flame38m_g1_temporal,1220,4.212297E+00,,1234
flame38m_g1_temporal,1225,4.199303E+00,,1234
flame38m_g1_temporal,1230,4.206089E+00,,1234
flame38m_g1_temporal,1235,4.201178E+00,,1234
flame38m_g1_temporal,1240,4.193974E+00,,1234
flame38m_g1_temporal,1245,4.198400E+00,,1234
flame38m_g1_temporal,1250,4.197590E+00,,1234
flame38m_g1_temporal,1255,4.192559E+00,,1234
flame38m_g1_temporal,1260,4.193180E+00,,1234
flame38m_g1_temporal,1265,4.179597E+00,,1234
flame38m_g1_temporal,1270,4.182347E+00,,1234
flame38m_g1_temporal,1275,4.177005E+00,,1234
flame38m_g1_temporal,1280,4.177518E+00,,1234
flame38m_g1_temporal,1285,4.176496E+00,,1234
flame38m_g1_temporal,1290,4.168232E+00,,1234
flame38m_g1_temporal,1295,4.174343E+00,,1234
flame38m_g1_temporal,1300,4.166116E+00,,1234
flame38m_g1_temporal,1305,4.169246E+00,,1234
flame38m_g1_temporal,1310,4.159594E+00,,1234
flame38m_g1_temporal,1315,4.158199E+00,,1234
flame38m_g1_temporal,1320,4.152617E+00,,1234
flame38m_g1_temporal,1325,4.159618E+00,,1234
flame38m_g1_temporal,1330,4.150475E+00,,1234
flame38m_g1_temporal,1335,4.146498E+00,,1234
flame38m_g1_temporal,1340,4.155506E+00,,1234
flame38m_g1_temporal,1345,4.140948E+00,,1234
flame38m_g1_temporal,1350,4.144046E+00,,1234
flame38m_g1_temporal,1355,4.143362E+00,,1234
flame38m_g1_temporal,1360,4.145347E+00,,1234
flame38m_g1_temporal,1365,4.138308E+00,,1234
flame38m_g1_temporal,1370,4.129676E+00,,1234
flame38m_g1_temporal,1375,4.127417E+00,,1234
flame38m_g1_temporal,1380,4.136225E+00,,1234
flame38m_g1_temporal,1385,4.121526E+00,,1234
flame38m_g1_temporal,1390,4.129039E+00,,1234
flame38m_g1_temporal,1395,4.130609E+00,,1234
flame38m_g1_temporal,1400,4.126717E+00,,1234
flame38m_g1_temporal,1405,4.123664E+00,,1234
flame38m_g1_temporal,1410,4.122647E+00,,1234
flame38m_g1_temporal,1415,4.122416E+00,,1234
flame38m_g1_temporal,1420,4.119303E+00,,1234
flame38m_g1_temporal,1425,4.112754E+00,,1234
flame38m_g1_temporal,1430,4.110777E+00,,1234
flame38m_g1_temporal,1435,4.103566E+00,,1234
flame38m_g1_temporal,1440,4.111617E+00,,1234
flame38m_g1_temporal,1445,4.106150E+00,,1234
flame38m_g1_temporal,1450,4.101609E+00,,1234
flame38m_g1_temporal,1455,4.107339E+00,,1234
flame38m_g1_temporal,1460,4.103263E+00,,1234
flame38m_g1_temporal,1465,4.110025E+00,,1234
flame38m_g1_temporal,1470,4.097961E+00,,1234
flame38m_g1_temporal,1475,4.094178E+00,,1234
flame38m_g1_temporal,1480,4.089932E+00,,1234
flame38m_g1_temporal,1485,4.088425E+00,,1234
flame38m_g1_temporal,1490,4.088981E+00,,1234
flame38m_g1_temporal,1495,4.086167E+00,,1234
flame38m_g1_temporal,1500,4.082698E+00,,1234
flame38m_g1_temporal,1505,4.078860E+00,,1234
flame38m_g1_temporal,1510,4.082738E+00,,1234
flame38m_g1_temporal,1515,4.074870E+00,,1234
flame38m_g1_temporal,1520,4.082344E+00,,1234
flame38m_g1_temporal,1525,4.067548E+00,,1234
flame38m_g1_temporal,1530,4.071762E+00,,1234
flame38m_g1_temporal,1535,4.073417E+00,,1234
flame38m_g1_temporal,1540,4.065386E+00,,1234
flame38m_g1_temporal,1545,4.068308E+00,,1234
flame38m_g1_temporal,1550,4.060983E+00,,1234
flame38m_g1_temporal,1555,4.074880E+00,,1234
flame38m_g1_temporal,1560,4.061053E+00,,1234
flame38m_g1_temporal,1565,4.063213E+00,,1234
flame38m_g1_temporal,1570,4.068041E+00,,1234
flame38m_g1_temporal,1575,4.063157E+00,,1234
flame38m_g1_temporal,1580,4.064931E+00,,1234
flame38m_g1_temporal,1585,4.056860E+00,,1234
flame38m_g1_temporal,1590,4.048712E+00,,1234
flame38m_g1_temporal,1595,4.045689E+00,,1234
flame38m_g1_temporal,1600,4.053420E+00,,1234
flame38m_g1_temporal,1605,4.041479E+00,,1234
flame38m_g1_temporal,1610,4.044678E+00,,1234
flame38m_g1_temporal,1615,4.049213E+00,,1234
flame38m_g1_temporal,1620,4.033174E+00,,1234
flame38m_g1_temporal,1625,4.030310E+00,,1234
flame38m_g1_temporal,1630,4.023111E+00,,1234
flame38m_g1_temporal,1635,4.034785E+00,,1234
flame38m_g1_temporal,1640,4.037007E+00,,1234
flame38m_g1_temporal,1645,4.031270E+00,,1234
flame38m_g1_temporal,1650,4.038212E+00,,1234
flame38m_g1_temporal,1655,4.039803E+00,,1234
flame38m_g1_temporal,1660,4.029322E+00,,1234
flame38m_g1_temporal,1665,4.025508E+00,,1234
flame38m_g1_temporal,1670,4.022179E+00,,1234
flame38m_g1_temporal,1675,4.028325E+00,,1234
flame38m_g1_temporal,1680,4.014436E+00,,1234
flame38m_g1_temporal,1685,4.017563E+00,,1234
flame38m_g1_temporal,1690,4.016984E+00,,1234
flame38m_g1_temporal,1695,4.021415E+00,,1234
flame38m_g1_temporal,1700,4.019249E+00,,1234
flame38m_g1_temporal,1705,4.015880E+00,,1234
flame38m_g1_temporal,1710,4.010035E+00,,1234
flame38m_g1_temporal,1715,4.011136E+00,,1234
flame38m_g1_temporal,1720,4.006361E+00,,1234
flame38m_g1_temporal,1725,4.016584E+00,,1234
flame38m_g1_temporal,1730,4.002229E+00,,1234
flame38m_g1_temporal,1735,4.006621E+00,,1234
flame38m_g1_temporal,1740,4.004662E+00,,1234
flame38m_g1_temporal,1745,4.008986E+00,,1234
flame38m_g1_temporal,1750,4.004587E+00,,1234
flame38m_g1_temporal,1755,3.997173E+00,,1234
flame38m_g1_temporal,1760,3.999618E+00,,1234
flame38m_g1_temporal,1765,4.003368E+00,,1234
flame38m_g1_temporal,1770,3.996074E+00,,1234
flame38m_g1_temporal,1775,3.999912E+00,,1234
flame38m_g1_temporal,1780,3.991698E+00,,1234
flame38m_g1_temporal,1785,3.999435E+00,,1234
flame38m_g1_temporal,1790,3.992683E+00,,1234
flame38m_g1_temporal,1795,3.994644E+00,,1234
flame38m_g1_temporal,1800,3.990368E+00,,1234
flame38m_g1_temporal,1805,3.980543E+00,,1234
flame38m_g1_temporal,1810,3.988417E+00,,1234
flame38m_g1_temporal,1815,3.985823E+00,,1234
flame38m_g1_temporal,1820,3.986065E+00,,1234
flame38m_g1_temporal,1825,3.989033E+00,,1234
flame38m_g1_temporal,1830,3.977400E+00,,1234
flame38m_g1_temporal,1835,3.980629E+00,,1234
flame38m_g1_temporal,1840,3.964132E+00,,1234
flame38m_g1_temporal,1845,3.965339E+00,,1234
flame38m_g1_temporal,1850,3.975782E+00,,1234
flame38m_g1_temporal,1855,3.969315E+00,,1234
flame38m_g1_temporal,1860,3.963621E+00,,1234
flame38m_g1_temporal,1865,3.972608E+00,,1234
flame38m_g1_temporal,1870,3.972613E+00,,1234
flame38m_g1_temporal,1875,3.970749E+00,,1234
flame38m_g1_temporal,1880,3.971288E+00,,1234
flame38m_g1_temporal,1885,3.976718E+00,,1234
flame38m_g1_temporal,1890,3.975148E+00,,1234
flame38m_g1_temporal,1895,3.960678E+00,,1234
flame38m_g1_temporal,1900,3.962266E+00,,1234
flame38m_g1_temporal,1905,3.961057E+00,,1234
flame38m_g1_temporal,1910,3.950566E+00,,1234
flame38m_g1_temporal,1915,3.966386E+00,,1234
flame38m_g1_temporal,1920,3.953689E+00,,1234
flame38m_g1_temporal,1925,3.951376E+00,,1234
flame38m_g1_temporal,1930,3.956003E+00,,1234
flame38m_g1_temporal,1935,3.943330E+00,,1234
flame38m_g1_temporal,1940,3.948668E+00,,1234
flame38m_g1_temporal,1945,3.942818E+00,,1234
flame38m_g1_temporal,1950,3.945153E+00,,1234
flame38m_g1_temporal,1955,3.938131E+00,,1234
flame38m_g1_temporal,1960,3.941249E+00,,1234
flame38m_g1_temporal,1965,3.938492E+00,,1234
flame38m_g1_temporal,1970,3.945053E+00,,1234
flame38m_g1_temporal,1975,3.932052E+00,,1234
flame38m_g1_temporal,1980,3.930537E+00,,1234
flame38m_g1_temporal,1985,3.943401E+00,,1234
flame38m_g1_temporal,1990,3.930349E+00,,1234
flame38m_g1_temporal,1995,3.925596E+00,,1234
flame38m_g1_temporal,2000,3.937026E+00,,1234
flame38m_g1_temporal,2005,3.917588E+00,,1234
flame38m_g1_temporal,2010,3.925848E+00,,1234
flame38m_g1_temporal,2015,3.927058E+00,,1234
flame38m_g1_temporal,2020,3.922773E+00,,1234
flame38m_g1_temporal,2025,3.913504E+00,,1234
flame38m_g1_temporal,2030,3.911864E+00,,1234
flame38m_g1_temporal,2035,3.918964E+00,,1234
flame38m_g1_temporal,2040,3.914878E+00,,1234
flame38m_g1_temporal,2045,3.911549E+00,,1234
flame38m_g1_temporal,2050,3.911038E+00,,1234
flame38m_g1_temporal,2055,3.909813E+00,,1234
flame38m_g1_temporal,2060,3.915311E+00,,1234
flame38m_g1_temporal,2065,3.913056E+00,,1234
flame38m_g1_temporal,2070,3.902619E+00,,1234
flame38m_g1_temporal,2075,3.909851E+00,,1234
flame38m_g1_temporal,2080,3.911473E+00,,1234
flame38m_g1_temporal,2085,3.916735E+00,,1234
flame38m_g1_temporal,2090,3.908154E+00,,1234
flame38m_g1_temporal,2095,3.900589E+00,,1234
flame38m_g1_temporal,2100,3.911091E+00,,1234
flame38m_g1_temporal,2105,3.903627E+00,,1234
flame38m_g1_temporal,2110,3.906939E+00,,1234
flame38m_g1_temporal,2115,3.899916E+00,,1234
flame38m_g1_temporal,2120,3.907635E+00,,1234
flame38m_g1_temporal,2121,,3.912090E+00,1234
flame38m_g1_temporal_s2,5,1.080539E+01,,2
flame38m_g1_temporal_s2,10,1.045020E+01,,2
flame38m_g1_temporal_s2,15,1.020629E+01,,2
flame38m_g1_temporal_s2,20,9.861950E+00,,2
flame38m_g1_temporal_s2,25,9.438533E+00,,2
flame38m_g1_temporal_s2,30,8.980876E+00,,2
flame38m_g1_temporal_s2,35,8.580870E+00,,2
flame38m_g1_temporal_s2,40,8.223215E+00,,2
flame38m_g1_temporal_s2,45,7.923183E+00,,2
flame38m_g1_temporal_s2,50,7.655070E+00,,2
flame38m_g1_temporal_s2,55,7.437254E+00,,2
flame38m_g1_temporal_s2,60,7.267001E+00,,2
flame38m_g1_temporal_s2,65,7.112170E+00,,2
flame38m_g1_temporal_s2,70,6.984077E+00,,2
flame38m_g1_temporal_s2,75,6.894367E+00,,2
flame38m_g1_temporal_s2,80,6.801250E+00,,2
flame38m_g1_temporal_s2,85,6.720837E+00,,2
flame38m_g1_temporal_s2,90,6.637348E+00,,2
flame38m_g1_temporal_s2,95,6.581921E+00,,2
flame38m_g1_temporal_s2,100,6.533034E+00,,2
flame38m_g1_temporal_s2,105,6.491463E+00,,2
flame38m_g1_temporal_s2,110,6.443255E+00,,2
flame38m_g1_temporal_s2,115,6.393509E+00,,2
flame38m_g1_temporal_s2,120,6.344257E+00,,2
flame38m_g1_temporal_s2,125,6.323086E+00,,2
flame38m_g1_temporal_s2,130,6.276983E+00,,2
flame38m_g1_temporal_s2,135,6.251996E+00,,2
flame38m_g1_temporal_s2,140,6.226456E+00,,2
flame38m_g1_temporal_s2,145,6.196979E+00,,2
flame38m_g1_temporal_s2,150,6.167403E+00,,2
flame38m_g1_temporal_s2,155,6.129139E+00,,2
flame38m_g1_temporal_s2,160,6.111471E+00,,2
flame38m_g1_temporal_s2,165,6.088135E+00,,2
flame38m_g1_temporal_s2,170,6.055024E+00,,2
flame38m_g1_temporal_s2,175,6.028497E+00,,2
flame38m_g1_temporal_s2,180,6.032682E+00,,2
flame38m_g1_temporal_s2,185,5.992526E+00,,2
flame38m_g1_temporal_s2,190,5.965513E+00,,2
flame38m_g1_temporal_s2,195,5.940125E+00,,2
flame38m_g1_temporal_s2,200,5.912748E+00,,2
flame38m_g1_temporal_s2,205,5.885695E+00,,2
flame38m_g1_temporal_s2,210,5.869827E+00,,2
flame38m_g1_temporal_s2,215,5.845134E+00,,2
flame38m_g1_temporal_s2,220,5.817803E+00,,2
flame38m_g1_temporal_s2,225,5.785806E+00,,2
flame38m_g1_temporal_s2,230,5.787597E+00,,2
flame38m_g1_temporal_s2,235,5.754006E+00,,2
flame38m_g1_temporal_s2,240,5.724683E+00,,2
flame38m_g1_temporal_s2,245,5.699647E+00,,2
flame38m_g1_temporal_s2,250,5.681916E+00,,2
flame38m_g1_temporal_s2,255,5.659098E+00,,2
flame38m_g1_temporal_s2,260,5.637443E+00,,2
flame38m_g1_temporal_s2,265,5.623503E+00,,2
flame38m_g1_temporal_s2,270,5.575164E+00,,2
flame38m_g1_temporal_s2,275,5.562448E+00,,2
flame38m_g1_temporal_s2,280,5.555183E+00,,2
flame38m_g1_temporal_s2,285,5.543890E+00,,2
flame38m_g1_temporal_s2,290,5.510862E+00,,2
flame38m_g1_temporal_s2,295,5.484401E+00,,2
flame38m_g1_temporal_s2,300,5.457286E+00,,2
flame38m_g1_temporal_s2,305,5.441220E+00,,2
flame38m_g1_temporal_s2,310,5.424314E+00,,2
flame38m_g1_temporal_s2,315,5.403030E+00,,2
flame38m_g1_temporal_s2,320,5.406874E+00,,2
flame38m_g1_temporal_s2,325,5.382804E+00,,2
flame38m_g1_temporal_s2,330,5.363531E+00,,2
flame38m_g1_temporal_s2,335,5.331009E+00,,2
flame38m_g1_temporal_s2,340,5.317233E+00,,2
flame38m_g1_temporal_s2,345,5.313047E+00,,2
flame38m_g1_temporal_s2,350,5.300006E+00,,2
flame38m_g1_temporal_s2,355,5.285177E+00,,2
flame38m_g1_temporal_s2,360,5.273555E+00,,2
flame38m_g1_temporal_s2,365,5.244700E+00,,2
flame38m_g1_temporal_s2,370,5.227614E+00,,2
flame38m_g1_temporal_s2,375,5.211106E+00,,2
flame38m_g1_temporal_s2,380,5.193602E+00,,2
flame38m_g1_temporal_s2,385,5.198908E+00,,2
flame38m_g1_temporal_s2,390,5.201585E+00,,2
flame38m_g1_temporal_s2,395,5.174028E+00,,2
flame38m_g1_temporal_s2,400,5.151508E+00,,2
flame38m_g1_temporal_s2,405,5.137791E+00,,2
flame38m_g1_temporal_s2,410,5.121995E+00,,2
flame38m_g1_temporal_s2,415,5.106776E+00,,2
flame38m_g1_temporal_s2,420,5.100230E+00,,2
flame38m_g1_temporal_s2,425,5.084880E+00,,2
flame38m_g1_temporal_s2,430,5.075440E+00,,2
flame38m_g1_temporal_s2,435,5.062945E+00,,2
flame38m_g1_temporal_s2,440,5.058839E+00,,2
flame38m_g1_temporal_s2,445,5.039391E+00,,2
flame38m_g1_temporal_s2,450,5.034420E+00,,2
flame38m_g1_temporal_s2,455,5.017861E+00,,2
flame38m_g1_temporal_s2,460,5.017567E+00,,2
flame38m_g1_temporal_s2,465,5.011411E+00,,2
flame38m_g1_temporal_s2,470,4.978886E+00,,2
flame38m_g1_temporal_s2,475,4.966157E+00,,2
flame38m_g1_temporal_s2,480,4.963760E+00,,2
flame38m_g1_temporal_s2,485,4.954341E+00,,2
flame38m_g1_temporal_s2,490,4.943583E+00,,2
flame38m_g1_temporal_s2,495,4.936212E+00,,2
flame38m_g1_temporal_s2,500,4.923224E+00,,2
flame38m_g1_temporal_s2,505,4.923084E+00,,2
flame38m_g1_temporal_s2,510,4.914766E+00,,2
flame38m_g1_temporal_s2,515,4.899209E+00,,2
flame38m_g1_temporal_s2,520,4.893493E+00,,2
flame38m_g1_temporal_s2,525,4.886072E+00,,2
flame38m_g1_temporal_s2,530,4.890869E+00,,2
flame38m_g1_temporal_s2,535,4.879247E+00,,2
flame38m_g1_temporal_s2,540,4.854936E+00,,2
flame38m_g1_temporal_s2,545,4.864332E+00,,2
flame38m_g1_temporal_s2,550,4.842178E+00,,2
flame38m_g1_temporal_s2,555,4.833128E+00,,2
flame38m_g1_temporal_s2,560,4.834811E+00,,2
flame38m_g1_temporal_s2,565,4.816024E+00,,2
flame38m_g1_temporal_s2,570,4.821072E+00,,2
flame38m_g1_temporal_s2,575,4.812392E+00,,2
flame38m_g1_temporal_s2,580,4.808053E+00,,2
flame38m_g1_temporal_s2,585,4.785969E+00,,2
flame38m_g1_temporal_s2,590,4.788120E+00,,2
flame38m_g1_temporal_s2,595,4.767006E+00,,2
flame38m_g1_temporal_s2,600,4.773538E+00,,2
flame38m_g1_temporal_s2,605,4.762955E+00,,2
flame38m_g1_temporal_s2,610,4.755819E+00,,2
flame38m_g1_temporal_s2,615,4.751007E+00,,2
flame38m_g1_temporal_s2,620,4.743627E+00,,2
flame38m_g1_temporal_s2,625,4.723175E+00,,2
flame38m_g1_temporal_s2,630,4.715991E+00,,2
flame38m_g1_temporal_s2,635,4.719404E+00,,2
flame38m_g1_temporal_s2,640,4.702394E+00,,2
flame38m_g1_temporal_s2,645,4.704700E+00,,2
flame38m_g1_temporal_s2,650,4.699796E+00,,2
flame38m_g1_temporal_s2,655,4.685925E+00,,2
flame38m_g1_temporal_s2,660,4.686741E+00,,2
flame38m_g1_temporal_s2,665,4.679130E+00,,2
flame38m_g1_temporal_s2,670,4.671670E+00,,2
flame38m_g1_temporal_s2,675,4.670306E+00,,2
flame38m_g1_temporal_s2,680,4.660152E+00,,2
flame38m_g1_temporal_s2,685,4.649653E+00,,2
flame38m_g1_temporal_s2,690,4.643910E+00,,2
flame38m_g1_temporal_s2,695,4.649618E+00,,2
flame38m_g1_temporal_s2,700,4.643618E+00,,2
flame38m_g1_temporal_s2,705,4.637858E+00,,2
flame38m_g1_temporal_s2,710,4.629840E+00,,2
flame38m_g1_temporal_s2,715,4.632456E+00,,2
flame38m_g1_temporal_s2,720,4.612459E+00,,2
flame38m_g1_temporal_s2,725,4.602690E+00,,2
flame38m_g1_temporal_s2,730,4.602526E+00,,2
flame38m_g1_temporal_s2,735,4.601998E+00,,2
flame38m_g1_temporal_s2,740,4.587064E+00,,2
flame38m_g1_temporal_s2,745,4.583793E+00,,2
flame38m_g1_temporal_s2,750,4.575040E+00,,2
flame38m_g1_temporal_s2,755,4.572829E+00,,2
flame38m_g1_temporal_s2,760,4.559717E+00,,2
flame38m_g1_temporal_s2,765,4.560109E+00,,2
flame38m_g1_temporal_s2,770,4.558441E+00,,2
flame38m_g1_temporal_s2,775,4.560819E+00,,2
flame38m_g1_temporal_s2,780,4.548523E+00,,2
flame38m_g1_temporal_s2,785,4.541498E+00,,2
flame38m_g1_temporal_s2,790,4.541798E+00,,2
flame38m_g1_temporal_s2,795,4.532576E+00,,2
flame38m_g1_temporal_s2,800,4.530638E+00,,2
flame38m_g1_temporal_s2,805,4.518991E+00,,2
flame38m_g1_temporal_s2,810,4.525842E+00,,2
flame38m_g1_temporal_s2,815,4.519537E+00,,2
flame38m_g1_temporal_s2,820,4.513501E+00,,2
flame38m_g1_temporal_s2,825,4.506455E+00,,2
flame38m_g1_temporal_s2,830,4.490530E+00,,2
flame38m_g1_temporal_s2,835,4.485885E+00,,2
flame38m_g1_temporal_s2,840,4.489165E+00,,2
flame38m_g1_temporal_s2,845,4.488116E+00,,2
flame38m_g1_temporal_s2,850,4.476094E+00,,2
flame38m_g1_temporal_s2,855,4.471928E+00,,2
flame38m_g1_temporal_s2,860,4.480907E+00,,2
flame38m_g1_temporal_s2,865,4.471133E+00,,2
flame38m_g1_temporal_s2,870,4.441706E+00,,2
flame38m_g1_temporal_s2,875,4.444881E+00,,2
flame38m_g1_temporal_s2,880,4.448186E+00,,2
flame38m_g1_temporal_s2,885,4.447174E+00,,2
flame38m_g1_temporal_s2,890,4.443309E+00,,2
flame38m_g1_temporal_s2,895,4.443049E+00,,2
flame38m_g1_temporal_s2,900,4.429050E+00,,2
flame38m_g1_temporal_s2,905,4.424969E+00,,2
flame38m_g1_temporal_s2,910,4.415025E+00,,2
flame38m_g1_temporal_s2,915,4.403857E+00,,2
flame38m_g1_temporal_s2,920,4.408067E+00,,2
flame38m_g1_temporal_s2,925,4.409247E+00,,2
flame38m_g1_temporal_s2,930,4.397730E+00,,2
flame38m_g1_temporal_s2,935,4.402666E+00,,2
flame38m_g1_temporal_s2,940,4.393633E+00,,2
flame38m_g1_temporal_s2,945,4.393959E+00,,2
flame38m_g1_temporal_s2,950,4.397681E+00,,2
flame38m_g1_temporal_s2,955,4.384976E+00,,2
flame38m_g1_temporal_s2,960,4.375711E+00,,2
flame38m_g1_temporal_s2,965,4.371051E+00,,2
flame38m_g1_temporal_s2,970,4.372869E+00,,2
flame38m_g1_temporal_s2,975,4.360084E+00,,2
flame38m_g1_temporal_s2,980,4.359585E+00,,2
flame38m_g1_temporal_s2,985,4.360522E+00,,2
flame38m_g1_temporal_s2,990,4.357285E+00,,2
flame38m_g1_temporal_s2,995,4.350017E+00,,2
flame38m_g1_temporal_s2,1000,4.340946E+00,,2
flame38m_g1_temporal_s2,1005,4.347706E+00,,2
flame38m_g1_temporal_s2,1010,4.348645E+00,,2
flame38m_g1_temporal_s2,1015,4.335119E+00,,2
flame38m_g1_temporal_s2,1020,4.318687E+00,,2
flame38m_g1_temporal_s2,1025,4.318856E+00,,2
flame38m_g1_temporal_s2,1030,4.322745E+00,,2
flame38m_g1_temporal_s2,1035,4.310991E+00,,2
flame38m_g1_temporal_s2,1040,4.309329E+00,,2
flame38m_g1_temporal_s2,1045,4.325563E+00,,2
flame38m_g1_temporal_s2,1050,4.317126E+00,,2
flame38m_g1_temporal_s2,1055,4.312117E+00,,2
flame38m_g1_temporal_s2,1060,4.296203E+00,,2
flame38m_g1_temporal_s2,1065,4.294805E+00,,2
flame38m_g1_temporal_s2,1070,4.296669E+00,,2
flame38m_g1_temporal_s2,1075,4.291670E+00,,2
flame38m_g1_temporal_s2,1080,4.285825E+00,,2
flame38m_g1_temporal_s2,1085,4.296935E+00,,2
flame38m_g1_temporal_s2,1090,4.286179E+00,,2
flame38m_g1_temporal_s2,1095,4.278724E+00,,2
flame38m_g1_temporal_s2,1100,4.271953E+00,,2
flame38m_g1_temporal_s2,1105,4.274204E+00,,2
flame38m_g1_temporal_s2,1110,4.266590E+00,,2
flame38m_g1_temporal_s2,1115,4.264326E+00,,2
flame38m_g1_temporal_s2,1120,4.267420E+00,,2
flame38m_g1_temporal_s2,1125,4.270285E+00,,2
flame38m_g1_temporal_s2,1130,4.262254E+00,,2
flame38m_g1_temporal_s2,1135,4.254028E+00,,2
flame38m_g1_temporal_s2,1140,4.257724E+00,,2
flame38m_g1_temporal_s2,1145,4.248117E+00,,2
flame38m_g1_temporal_s2,1150,4.253015E+00,,2
flame38m_g1_temporal_s2,1155,4.236315E+00,,2
flame38m_g1_temporal_s2,1160,4.237445E+00,,2
flame38m_g1_temporal_s2,1165,4.234749E+00,,2
flame38m_g1_temporal_s2,1170,4.235033E+00,,2
flame38m_g1_temporal_s2,1175,4.223715E+00,,2
flame38m_g1_temporal_s2,1180,4.223512E+00,,2
flame38m_g1_temporal_s2,1185,4.221089E+00,,2
flame38m_g1_temporal_s2,1190,4.231302E+00,,2
flame38m_g1_temporal_s2,1195,4.221072E+00,,2
flame38m_g1_temporal_s2,1200,4.216368E+00,,2
flame38m_g1_temporal_s2,1205,4.207771E+00,,2
flame38m_g1_temporal_s2,1210,4.216362E+00,,2
flame38m_g1_temporal_s2,1215,4.211847E+00,,2
flame38m_g1_temporal_s2,1220,4.213955E+00,,2
flame38m_g1_temporal_s2,1225,4.211410E+00,,2
flame38m_g1_temporal_s2,1230,4.185134E+00,,2
flame38m_g1_temporal_s2,1235,4.191605E+00,,2
flame38m_g1_temporal_s2,1240,4.188052E+00,,2
flame38m_g1_temporal_s2,1245,4.205846E+00,,2
flame38m_g1_temporal_s2,1250,4.179135E+00,,2
flame38m_g1_temporal_s2,1255,4.188160E+00,,2
flame38m_g1_temporal_s2,1260,4.181653E+00,,2
flame38m_g1_temporal_s2,1265,4.174295E+00,,2
flame38m_g1_temporal_s2,1270,4.181120E+00,,2
flame38m_g1_temporal_s2,1275,4.183191E+00,,2
flame38m_g1_temporal_s2,1280,4.184651E+00,,2
flame38m_g1_temporal_s2,1285,4.176516E+00,,2
flame38m_g1_temporal_s2,1290,4.178944E+00,,2
flame38m_g1_temporal_s2,1295,4.172863E+00,,2
flame38m_g1_temporal_s2,1300,4.165796E+00,,2
flame38m_g1_temporal_s2,1305,4.159622E+00,,2
flame38m_g1_temporal_s2,1310,4.164377E+00,,2
flame38m_g1_temporal_s2,1315,4.147713E+00,,2
flame38m_g1_temporal_s2,1320,4.154469E+00,,2
flame38m_g1_temporal_s2,1325,4.143828E+00,,2
flame38m_g1_temporal_s2,1330,4.152331E+00,,2
flame38m_g1_temporal_s2,1335,4.149544E+00,,2
flame38m_g1_temporal_s2,1340,4.152664E+00,,2
flame38m_g1_temporal_s2,1345,4.138837E+00,,2
flame38m_g1_temporal_s2,1350,4.137074E+00,,2
flame38m_g1_temporal_s2,1355,4.136691E+00,,2
flame38m_g1_temporal_s2,1360,4.131085E+00,,2
flame38m_g1_temporal_s2,1365,4.136454E+00,,2
flame38m_g1_temporal_s2,1370,4.127224E+00,,2
flame38m_g1_temporal_s2,1375,4.133545E+00,,2
flame38m_g1_temporal_s2,1380,4.142275E+00,,2
flame38m_g1_temporal_s2,1385,4.131095E+00,,2
flame38m_g1_temporal_s2,1390,4.120808E+00,,2
flame38m_g1_temporal_s2,1395,4.118048E+00,,2
flame38m_g1_temporal_s2,1400,4.113651E+00,,2
flame38m_g1_temporal_s2,1405,4.122989E+00,,2
flame38m_g1_temporal_s2,1410,4.107481E+00,,2
flame38m_g1_temporal_s2,1415,4.108354E+00,,2
flame38m_g1_temporal_s2,1420,4.104976E+00,,2
flame38m_g1_temporal_s2,1425,4.113619E+00,,2
flame38m_g1_temporal_s2,1430,4.113815E+00,,2
flame38m_g1_temporal_s2,1435,4.110106E+00,,2
flame38m_g1_temporal_s2,1440,4.097566E+00,,2
flame38m_g1_temporal_s2,1445,4.096675E+00,,2
flame38m_g1_temporal_s2,1450,4.097744E+00,,2
flame38m_g1_temporal_s2,1455,4.090856E+00,,2
flame38m_g1_temporal_s2,1460,4.093578E+00,,2
flame38m_g1_temporal_s2,1465,4.092941E+00,,2
flame38m_g1_temporal_s2,1470,4.086582E+00,,2
flame38m_g1_temporal_s2,1475,4.095048E+00,,2
flame38m_g1_temporal_s2,1480,4.080305E+00,,2
flame38m_g1_temporal_s2,1485,4.089518E+00,,2
flame38m_g1_temporal_s2,1490,4.076861E+00,,2
flame38m_g1_temporal_s2,1495,4.076854E+00,,2
flame38m_g1_temporal_s2,1500,4.075506E+00,,2
flame38m_g1_temporal_s2,1505,4.073358E+00,,2
flame38m_g1_temporal_s2,1510,4.078362E+00,,2
flame38m_g1_temporal_s2,1515,4.075370E+00,,2
flame38m_g1_temporal_s2,1520,4.066646E+00,,2
flame38m_g1_temporal_s2,1525,4.072058E+00,,2
flame38m_g1_temporal_s2,1530,4.075294E+00,,2
flame38m_g1_temporal_s2,1535,4.066314E+00,,2
flame38m_g1_temporal_s2,1540,4.069849E+00,,2
flame38m_g1_temporal_s2,1545,4.061315E+00,,2
flame38m_g1_temporal_s2,1550,4.066548E+00,,2
flame38m_g1_temporal_s2,1555,4.064653E+00,,2
flame38m_g1_temporal_s2,1560,4.063342E+00,,2
flame38m_g1_temporal_s2,1565,4.057645E+00,,2
flame38m_g1_temporal_s2,1570,4.056162E+00,,2
flame38m_g1_temporal_s2,1575,4.051679E+00,,2
flame38m_g1_temporal_s2,1580,4.053330E+00,,2
flame38m_g1_temporal_s2,1585,4.055216E+00,,2
flame38m_g1_temporal_s2,1590,4.056956E+00,,2
flame38m_g1_temporal_s2,1595,4.047015E+00,,2
flame38m_g1_temporal_s2,1600,4.043536E+00,,2
flame38m_g1_temporal_s2,1605,4.039544E+00,,2
flame38m_g1_temporal_s2,1610,4.048380E+00,,2
flame38m_g1_temporal_s2,1615,4.028196E+00,,2
flame38m_g1_temporal_s2,1620,4.047289E+00,,2
flame38m_g1_temporal_s2,1625,4.025972E+00,,2
flame38m_g1_temporal_s2,1630,4.036044E+00,,2
flame38m_g1_temporal_s2,1635,4.042140E+00,,2
flame38m_g1_temporal_s2,1640,4.033616E+00,,2
flame38m_g1_temporal_s2,1645,4.022305E+00,,2
flame38m_g1_temporal_s2,1650,4.021378E+00,,2
flame38m_g1_temporal_s2,1655,4.021456E+00,,2
flame38m_g1_temporal_s2,1660,4.031123E+00,,2
flame38m_g1_temporal_s2,1665,4.018488E+00,,2
flame38m_g1_temporal_s2,1670,4.018944E+00,,2
flame38m_g1_temporal_s2,1675,4.023122E+00,,2
flame38m_g1_temporal_s2,1680,4.013593E+00,,2
flame38m_g1_temporal_s2,1685,4.021600E+00,,2
flame38m_g1_temporal_s2,1690,4.012068E+00,,2
flame38m_g1_temporal_s2,1695,4.017460E+00,,2
flame38m_g1_temporal_s2,1700,4.017722E+00,,2
flame38m_g1_temporal_s2,1705,4.007605E+00,,2
flame38m_g1_temporal_s2,1710,4.012418E+00,,2
flame38m_g1_temporal_s2,1715,4.013465E+00,,2
flame38m_g1_temporal_s2,1720,4.003480E+00,,2
flame38m_g1_temporal_s2,1725,4.004127E+00,,2
flame38m_g1_temporal_s2,1730,4.006642E+00,,2
flame38m_g1_temporal_s2,1735,3.999812E+00,,2
flame38m_g1_temporal_s2,1740,3.998716E+00,,2
flame38m_g1_temporal_s2,1745,4.002863E+00,,2
flame38m_g1_temporal_s2,1750,4.008744E+00,,2
flame38m_g1_temporal_s2,1755,4.002332E+00,,2
flame38m_g1_temporal_s2,1760,3.989964E+00,,2
flame38m_g1_temporal_s2,1765,3.995127E+00,,2
flame38m_g1_temporal_s2,1770,3.997355E+00,,2
flame38m_g1_temporal_s2,1775,3.991750E+00,,2
flame38m_g1_temporal_s2,1780,3.989240E+00,,2
flame38m_g1_temporal_s2,1785,3.995084E+00,,2
flame38m_g1_temporal_s2,1790,3.983754E+00,,2
flame38m_g1_temporal_s2,1795,3.986591E+00,,2
flame38m_g1_temporal_s2,1800,3.984357E+00,,2
flame38m_g1_temporal_s2,1805,3.987335E+00,,2
flame38m_g1_temporal_s2,1810,3.986057E+00,,2
flame38m_g1_temporal_s2,1815,3.986308E+00,,2
flame38m_g1_temporal_s2,1820,3.984196E+00,,2
flame38m_g1_temporal_s2,1825,3.974126E+00,,2
flame38m_g1_temporal_s2,1830,3.977255E+00,,2
flame38m_g1_temporal_s2,1835,3.977287E+00,,2
flame38m_g1_temporal_s2,1840,3.976361E+00,,2
flame38m_g1_temporal_s2,1845,3.976027E+00,,2
flame38m_g1_temporal_s2,1850,3.976030E+00,,2
flame38m_g1_temporal_s2,1855,3.970235E+00,,2
flame38m_g1_temporal_s2,1860,3.968964E+00,,2
flame38m_g1_temporal_s2,1865,3.967476E+00,,2
flame38m_g1_temporal_s2,1870,3.974005E+00,,2
flame38m_g1_temporal_s2,1875,3.968530E+00,,2
flame38m_g1_temporal_s2,1880,3.959041E+00,,2
flame38m_g1_temporal_s2,1885,3.962660E+00,,2
flame38m_g1_temporal_s2,1890,3.969108E+00,,2
flame38m_g1_temporal_s2,1895,3.960076E+00,,2
flame38m_g1_temporal_s2,1900,3.953483E+00,,2
flame38m_g1_temporal_s2,1905,3.954026E+00,,2
flame38m_g1_temporal_s2,1910,3.960622E+00,,2
flame38m_g1_temporal_s2,1915,3.965538E+00,,2
flame38m_g1_temporal_s2,1920,3.952760E+00,,2
flame38m_g1_temporal_s2,1925,3.947947E+00,,2
flame38m_g1_temporal_s2,1930,3.948207E+00,,2
flame38m_g1_temporal_s2,1935,3.948425E+00,,2
flame38m_g1_temporal_s2,1940,3.951007E+00,,2
flame38m_g1_temporal_s2,1945,3.945823E+00,,2
flame38m_g1_temporal_s2,1950,3.936605E+00,,2
flame38m_g1_temporal_s2,1955,3.933481E+00,,2
flame38m_g1_temporal_s2,1960,3.939603E+00,,2
flame38m_g1_temporal_s2,1965,3.943128E+00,,2
flame38m_g1_temporal_s2,1970,3.929783E+00,,2
flame38m_g1_temporal_s2,1975,3.924682E+00,,2
flame38m_g1_temporal_s2,1980,3.934928E+00,,2
flame38m_g1_temporal_s2,1985,3.923690E+00,,2
flame38m_g1_temporal_s2,1990,3.928352E+00,,2
flame38m_g1_temporal_s2,1995,3.922192E+00,,2
flame38m_g1_temporal_s2,2000,3.924744E+00,,2
flame38m_g1_temporal_s2,2005,3.919509E+00,,2
flame38m_g1_temporal_s2,2010,3.915649E+00,,2
flame38m_g1_temporal_s2,2015,3.925229E+00,,2
flame38m_g1_temporal_s2,2020,3.924456E+00,,2
flame38m_g1_temporal_s2,2025,3.914878E+00,,2
flame38m_g1_temporal_s2,2030,3.910762E+00,,2
flame38m_g1_temporal_s2,2035,3.925357E+00,,2
flame38m_g1_temporal_s2,2040,3.908747E+00,,2
flame38m_g1_temporal_s2,2045,3.916906E+00,,2
flame38m_g1_temporal_s2,2050,3.905704E+00,,2
flame38m_g1_temporal_s2,2055,3.916612E+00,,2
flame38m_g1_temporal_s2,2060,3.923469E+00,,2
flame38m_g1_temporal_s2,2065,3.915831E+00,,2
flame38m_g1_temporal_s2,2070,3.907268E+00,,2
flame38m_g1_temporal_s2,2075,3.909734E+00,,2
flame38m_g1_temporal_s2,2080,3.907946E+00,,2
flame38m_g1_temporal_s2,2085,3.909175E+00,,2
flame38m_g1_temporal_s2,2090,3.902468E+00,,2
flame38m_g1_temporal_s2,2095,3.908527E+00,,2
flame38m_g1_temporal_s2,2100,3.906771E+00,,2
flame38m_g1_temporal_s2,2105,3.905878E+00,,2
flame38m_g1_temporal_s2,2110,3.905594E+00,,2
flame38m_g1_temporal_s2,2115,3.902049E+00,,2
flame38m_g1_temporal_s2,2120,3.901347E+00,,2
flame38m_g1_temporal_s2,2121,,3.906799,2
