run,iteration,train_lm_loss,final_val_ce,seed
moe_coarse_1e19,10,1.021720E+01,,1234
moe_coarse_1e19,20,9.004491E+00,,1234
moe_coarse_1e19,30,7.973724E+00,,1234
moe_coarse_1e19,40,7.146584E+00,,1234
moe_coarse_1e19,50,6.758406E+00,,1234
moe_coarse_1e19,60,6.489908E+00,,1234
moe_coarse_1e19,70,6.329877E+00,,1234
moe_coarse_1e19,80,6.206179E+00,,1234
moe_coarse_1e19,90,6.093341E+00,,1234
moe_coarse_1e19,100,5.980001E+00,,1234
moe_coarse_1e19,110,5.887297E+00,,1234
moe_coarse_1e19,120,5.772382E+00,,1234
moe_coarse_1e19,130,5.700737E+00,,1234
moe_coarse_1e19,140,5.589167E+00,,1234
moe_coarse_1e19,150,5.511842E+00,,1234
moe_coarse_1e19,160,5.413927E+00,,1234
moe_coarse_1e19,170,5.393773E+00,,1234
moe_coarse_1e19,180,5.310759E+00,,1234
moe_coarse_1e19,190,5.232732E+00,,1234
moe_coarse_1e19,200,5.172572E+00,,1234
moe_coarse_1e19,210,5.100319E+00,,1234
moe_coarse_1e19,220,5.043509E+00,,1234
moe_coarse_1e19,230,5.005054E+00,,1234
moe_coarse_1e19,240,4.946838E+00,,1234
moe_coarse_1e19,250,4.940517E+00,,1234
moe_coarse_1e19,260,4.874540E+00,,1234
moe_coarse_1e19,270,4.822947E+00,,1234
moe_coarse_1e19,280,4.788417E+00,,1234
moe_coarse_1e19,290,4.755520E+00,,1234
moe_coarse_1e19,300,4.712297E+00,,1234
moe_coarse_1e19,310,4.688527E+00,,1234
moe_coarse_1e19,320,4.645141E+00,,1234
moe_coarse_1e19,330,4.607579E+00,,1234
moe_coarse_1e19,340,4.577320E+00,,1234
moe_coarse_1e19,350,4.573557E+00,,1234
moe_coarse_1e19,360,4.540678E+00,,1234
moe_coarse_1e19,370,4.502671E+00,,1234
moe_coarse_1e19,380,4.470164E+00,,1234
moe_coarse_1e19,390,4.435081E+00,,1234
moe_coarse_1e19,400,4.418499E+00,,1234
moe_coarse_1e19,410,4.402313E+00,,1234
moe_coarse_1e19,420,4.364046E+00,,1234
moe_coarse_1e19,430,4.365838E+00,,1234
moe_coarse_1e19,440,4.348183E+00,,1234
moe_coarse_1e19,450,4.309737E+00,,1234
moe_coarse_1e19,460,4.282992E+00,,1234
moe_coarse_1e19,470,4.260443E+00,,1234
moe_coarse_1e19,480,4.239768E+00,,1234
moe_coarse_1e19,490,4.218486E+00,,1234
moe_coarse_1e19,500,4.197678E+00,,1234
moe_coarse_1e19,510,4.178905E+00,,1234
moe_coarse_1e19,520,4.149104E+00,,1234
moe_coarse_1e19,530,4.131409E+00,,1234
moe_coarse_1e19,540,4.106072E+00,,1234
moe_coarse_1e19,550,4.102655E+00,,1234
moe_coarse_1e19,560,4.087123E+00,,1234
moe_coarse_1e19,570,4.082046E+00,,1234
moe_coarse_1e19,580,4.066735E+00,,1234
moe_coarse_1e19,590,4.045243E+00,,1234
moe_coarse_1e19,600,4.022596E+00,,1234
moe_coarse_1e19,610,4.007092E+00,,1234
moe_coarse_1e19,620,3.992166E+00,,1234
moe_coarse_1e19,630,3.997534E+00,,1234
moe_coarse_1e19,640,3.973103E+00,,1234
moe_coarse_1e19,650,3.953193E+00,,1234
moe_coarse_1e19,660,3.934402E+00,,1234
moe_coarse_1e19,670,3.935175E+00,,1234
moe_coarse_1e19,680,3.924118E+00,,1234
moe_coarse_1e19,690,3.906308E+00,,1234
moe_coarse_1e19,700,3.896831E+00,,1234
moe_coarse_1e19,710,3.890890E+00,,1234
moe_coarse_1e19,720,3.883381E+00,,1234
moe_coarse_1e19,730,3.886541E+00,,1234
moe_coarse_1e19,740,3.866806E+00,,1234
moe_coarse_1e19,750,3.853460E+00,,1234
moe_coarse_1e19,760,3.837029E+00,,1234
moe_coarse_1e19,770,3.830269E+00,,1234
moe_coarse_1e19,780,3.826305E+00,,1234
moe_coarse_1e19,790,3.814521E+00,,1234
moe_coarse_1e19,800,3.807409E+00,,1234
moe_coarse_1e19,810,3.786635E+00,,1234
moe_coarse_1e19,820,3.794143E+00,,1234
moe_coarse_1e19,830,3.800711E+00,,1234
moe_coarse_1e19,840,3.783204E+00,,1234
moe_coarse_1e19,850,3.767747E+00,,1234
moe_coarse_1e19,860,3.757126E+00,,1234
moe_coarse_1e19,870,3.751481E+00,,1234
moe_coarse_1e19,880,3.738327E+00,,1234
moe_coarse_1e19,890,3.742628E+00,,1234
moe_coarse_1e19,900,3.729527E+00,,1234
moe_coarse_1e19,910,3.723861E+00,,1234
moe_coarse_1e19,920,3.720005E+00,,1234
moe_coarse_1e19,930,3.713053E+00,,1234
moe_coarse_1e19,940,3.710587E+00,,1234
moe_coarse_1e19,950,3.698433E+00,,1234
moe_coarse_1e19,960,3.688065E+00,,1234
moe_coarse_1e19,970,3.686880E+00,,1234
moe_coarse_1e19,980,3.680162E+00,,1234
moe_coarse_1e19,990,3.670918E+00,,1234
moe_coarse_1e19,1000,3.666866E+00,,1234
moe_coarse_1e19,1010,3.669125E+00,,1234
moe_coarse_1e19,1020,3.665747E+00,,1234
moe_coarse_1e19,1030,3.669605E+00,,1234
moe_coarse_1e19,1040,3.655919E+00,,1234
moe_coarse_1e19,1050,3.642487E+00,,1234
moe_coarse_1e19,1060,3.637293E+00,,1234
moe_coarse_1e19,1070,3.629796E+00,,1234
moe_coarse_1e19,1080,3.631814E+00,,1234
moe_coarse_1e19,1090,3.621958E+00,,1234
moe_coarse_1e19,1100,3.624680E+00,,1234
moe_coarse_1e19,1110,3.611969E+00,,1234
moe_coarse_1e19,1120,3.613027E+00,,1234
moe_coarse_1e19,1130,3.611479E+00,,1234
moe_coarse_1e19,1140,3.608785E+00,,1234
moe_coarse_1e19,1150,3.599876E+00,,1234
moe_coarse_1e19,1160,3.588884E+00,,1234
moe_coarse_1e19,1170,3.603187E+00,,1234
moe_coarse_1e19,1180,3.589408E+00,,1234
moe_coarse_1e19,1190,3.586400E+00,,1234
moe_coarse_1e19,1200,3.580748E+00,,1234
moe_coarse_1e19,1210,3.578019E+00,,1234
moe_coarse_1e19,1220,3.579578E+00,,1234
moe_coarse_1e19,1230,3.566436E+00,,1234
moe_coarse_1e19,1240,3.570864E+00,,1234
moe_coarse_1e19,1250,3.567836E+00,,1234
moe_coarse_1e19,1260,3.556657E+00,,1234
moe_coarse_1e19,1270,3.560582E+00,,1234
moe_coarse_1e19,1280,3.553423E+00,,1234
moe_coarse_1e19,1290,3.547629E+00,,1234
moe_coarse_1e19,1300,3.548758E+00,,1234
moe_coarse_1e19,1310,3.536225E+00,,1234
moe_coarse_1e19,1320,3.536403E+00,,1234
moe_coarse_1e19,1330,3.532192E+00,,1234
moe_coarse_1e19,1340,3.534509E+00,,1234
moe_coarse_1e19,1350,3.533405E+00,,1234
moe_coarse_1e19,1360,3.530278E+00,,1234
moe_coarse_1e19,1370,3.521571E+00,,1234
moe_coarse_1e19,1380,3.515298E+00,,1234
moe_coarse_1e19,1390,3.520575E+00,,1234
moe_coarse_1e19,1400,3.531306E+00,,1234
moe_coarse_1e19,1410,3.517871E+00,,1234
moe_coarse_1e19,1420,3.506331E+00,,1234
moe_coarse_1e19,1430,3.504855E+00,,1234
moe_coarse_1e19,1440,3.502225E+00,,1234
moe_coarse_1e19,1450,3.503126E+00,,1234
moe_coarse_1e19,1460,3.499438E+00,,1234
moe_coarse_1e19,1470,3.497330E+00,,1234
moe_coarse_1e19,1480,3.493390E+00,,1234
moe_coarse_1e19,1490,3.490874E+00,,1234
moe_coarse_1e19,1500,3.486105E+00,,1234
moe_coarse_1e19,1510,3.484265E+00,,1234
moe_coarse_1e19,1520,3.487374E+00,,1234
moe_coarse_1e19,1530,3.476901E+00,,1234
moe_coarse_1e19,1540,3.485474E+00,,1234
moe_coarse_1e19,1550,3.477148E+00,,1234
moe_coarse_1e19,1560,3.472027E+00,,1234
moe_coarse_1e19,1570,3.470877E+00,,1234
moe_coarse_1e19,1580,3.470447E+00,,1234
moe_coarse_1e19,1590,3.468614E+00,,1234
moe_coarse_1e19,1600,3.464022E+00,,1234
moe_coarse_1e19,1610,3.461617E+00,,1234
moe_coarse_1e19,1620,3.454329E+00,,1234
moe_coarse_1e19,1630,3.456002E+00,,1234
moe_coarse_1e19,1640,3.446436E+00,,1234
moe_coarse_1e19,1650,3.450415E+00,,1234
moe_coarse_1e19,1660,3.451124E+00,,1234
moe_coarse_1e19,1670,3.450379E+00,,1234
moe_coarse_1e19,1680,3.440614E+00,,1234
moe_coarse_1e19,1690,3.440411E+00,,1234
moe_coarse_1e19,1700,3.439190E+00,,1234
moe_coarse_1e19,1710,3.437447E+00,,1234
moe_coarse_1e19,1720,3.436557E+00,,1234
moe_coarse_1e19,1730,3.428877E+00,,1234
moe_coarse_1e19,1740,3.432407E+00,,1234
moe_coarse_1e19,1750,3.431856E+00,,1234
moe_coarse_1e19,1760,3.423080E+00,,1234
moe_coarse_1e19,1770,3.422032E+00,,1234
moe_coarse_1e19,1780,3.432433E+00,,1234
moe_coarse_1e19,1790,3.421234E+00,,1234
moe_coarse_1e19,1800,3.413499E+00,,1234
moe_coarse_1e19,1810,3.414147E+00,,1234
moe_coarse_1e19,1820,3.417914E+00,,1234
moe_coarse_1e19,1830,3.416639E+00,,1234
moe_coarse_1e19,1840,3.408652E+00,,1234
moe_coarse_1e19,1850,3.407390E+00,,1234
moe_coarse_1e19,1860,3.406558E+00,,1234
moe_coarse_1e19,1870,3.413365E+00,,1234
moe_coarse_1e19,1880,3.407172E+00,,1234
moe_coarse_1e19,1890,3.397885E+00,,1234
moe_coarse_1e19,1900,3.401387E+00,,1234
moe_coarse_1e19,1910,3.393513E+00,,1234
moe_coarse_1e19,1920,3.403883E+00,,1234
moe_coarse_1e19,1930,3.397219E+00,,1234
moe_coarse_1e19,1940,3.394318E+00,,1234
moe_coarse_1e19,1950,3.394551E+00,,1234
moe_coarse_1e19,1960,3.389192E+00,,1234
moe_coarse_1e19,1970,3.388063E+00,,1234
moe_coarse_1e19,1980,3.387152E+00,,1234
moe_coarse_1e19,1990,3.385154E+00,,1234
moe_coarse_1e19,2000,3.381425E+00,,1234
moe_coarse_1e19,2010,3.387654E+00,,1234
moe_coarse_1e19,2020,3.382792E+00,,1234
moe_coarse_1e19,2030,3.379432E+00,,1234
moe_coarse_1e19,2040,3.375639E+00,,1234
moe_coarse_1e19,2050,3.379463E+00,,1234
moe_coarse_1e19,2060,3.372235E+00,,1234
moe_coarse_1e19,2070,3.369555E+00,,1234
moe_coarse_1e19,2080,3.370968E+00,,1234
moe_coarse_1e19,2090,3.374598E+00,,1234
moe_coarse_1e19,2100,3.362135E+00,,1234
moe_coarse_1e19,2110,3.360565E+00,,1234
moe_coarse_1e19,2120,3.368534E+00,,1234
moe_coarse_1e19,2130,3.363699E+00,,1234
moe_coarse_1e19,2140,3.356302E+00,,1234
moe_coarse_1e19,2150,3.355285E+00,,1234
moe_coarse_1e19,2160,3.357618E+00,,1234
moe_coarse_1e19,2170,3.353549E+00,,1234
moe_coarse_1e19,2180,3.353726E+00,,1234
moe_coarse_1e19,2190,3.347543E+00,,1234
moe_coarse_1e19,2200,3.347396E+00,,1234
moe_coarse_1e19,2210,3.348050E+00,,1234
moe_coarse_1e19,2220,3.352893E+00,,1234
moe_coarse_1e19,2230,3.354045E+00,,1234
moe_coarse_1e19,2240,3.350288E+00,,1234
moe_coarse_1e19,2250,3.350937E+00,,1234
moe_coarse_1e19,2260,3.344667E+00,,1234
moe_coarse_1e19,2270,3.338273E+00,,1234
moe_coarse_1e19,2280,3.346233E+00,,1234
moe_coarse_1e19,2290,3.333961E+00,,1234
moe_coarse_1e19,2300,3.339320E+00,,1234
moe_coarse_1e19,2310,3.335062E+00,,1234
moe_coarse_1e19,2320,3.329123E+00,,1234
moe_coarse_1e19,2330,3.331810E+00,,1234
moe_coarse_1e19,2340,3.326619E+00,,1234
moe_coarse_1e19,2350,3.334750E+00,,1234
moe_coarse_1e19,2360,3.330505E+00,,1234
moe_coarse_1e19,2370,3.333848E+00,,1234
moe_coarse_1e19,2380,3.328617E+00,,1234
moe_coarse_1e19,2390,3.325513E+00,,1234
moe_coarse_1e19,2400,3.321651E+00,,1234
moe_coarse_1e19,2410,3.319296E+00,,1234
moe_coarse_1e19,2420,3.320910E+00,,1234
moe_coarse_1e19,2430,3.322874E+00,,1234
moe_coarse_1e19,2440,3.318886E+00,,1234
moe_coarse_1e19,2450,3.318874E+00,,1234
moe_coarse_1e19,2460,3.316046E+00,,1234
moe_coarse_1e19,2470,3.310786E+00,,1234
moe_coarse_1e19,2480,3.318177E+00,,1234
moe_coarse_1e19,2490,3.319260E+00,,1234
moe_coarse_1e19,2500,3.316528E+00,,1234
moe_coarse_1e19,2510,3.311061E+00,,1234
moe_coarse_1e19,2520,3.307381E+00,,1234
moe_coarse_1e19,2530,3.312006E+00,,1234
moe_coarse_1e19,2540,3.314563E+00,,1234
moe_coarse_1e19,2550,3.304888E+00,,1234
moe_coarse_1e19,2560,3.307255E+00,,1234
moe_coarse_1e19,2570,3.308315E+00,,1234
moe_coarse_1e19,2580,3.303323E+00,,1234
moe_coarse_1e19,2590,3.304850E+00,,1234
moe_coarse_1e19,2600,3.303203E+00,,1234
moe_coarse_1e19,2610,3.305720E+00,,1234
moe_coarse_1e19,2620,3.297004E+00,,1234
moe_coarse_1e19,2630,3.290595E+00,,1234
moe_coarse_1e19,2640,3.296112E+00,,1234
moe_coarse_1e19,2650,3.299029E+00,,1234
moe_coarse_1e19,2660,3.293941E+00,,1234
moe_coarse_1e19,2670,3.296620E+00,,1234
moe_coarse_1e19,2680,3.299080E+00,,1234
moe_coarse_1e19,2690,3.294046E+00,,1234
moe_coarse_1e19,2700,3.290213E+00,,1234
moe_coarse_1e19,2710,3.286800E+00,,1234
moe_coarse_1e19,2720,3.289458E+00,,1234
moe_coarse_1e19,2730,3.281231E+00,,1234
moe_coarse_1e19,2740,3.287794E+00,,1234
moe_coarse_1e19,2750,3.290406E+00,,1234
moe_coarse_1e19,2760,3.294048E+00,,1234
moe_coarse_1e19,2770,3.289763E+00,,1234
moe_coarse_1e19,2780,3.280118E+00,,1234
moe_coarse_1e19,2790,3.281228E+00,,1234
moe_coarse_1e19,2800,3.276278E+00,,1234
moe_coarse_1e19,2810,3.282635E+00,,1234
moe_coarse_1e19,2820,3.289657E+00,,1234
moe_coarse_1e19,2830,3.280071E+00,,1234
moe_coarse_1e19,2840,3.272242E+00,,1234
moe_coarse_1e19,2850,3.274685E+00,,1234
moe_coarse_1e19,2860,3.273085E+00,,1234
moe_coarse_1e19,2870,3.272193E+00,,1234
moe_coarse_1e19,2880,3.272375E+00,,1234
moe_coarse_1e19,2890,3.275862E+00,,1234
moe_coarse_1e19,2900,3.270234E+00,,1234
moe_coarse_1e19,2910,3.272573E+00,,1234
moe_coarse_1e19,2920,3.263118E+00,,1234
moe_coarse_1e19,2930,3.265452E+00,,1234
moe_coarse_1e19,2940,3.261761E+00,,1234
moe_coarse_1e19,2950,3.269778E+00,,1234
moe_coarse_1e19,2960,3.267995E+00,,1234
moe_coarse_1e19,2970,3.259777E+00,,1234
moe_coarse_1e19,2980,3.258303E+00,,1234
moe_coarse_1e19,2990,3.261934E+00,,1234
moe_coarse_1e19,3000,3.260035E+00,,1234
moe_coarse_1e19,3010,3.261710E+00,,1234
moe_coarse_1e19,3020,3.258134E+00,,1234
moe_coarse_1e19,3030,3.256666E+00,,1234
moe_coarse_1e19,3040,3.263208E+00,,1234
moe_coarse_1e19,3050,3.254100E+00,,1234
moe_coarse_1e19,3060,3.255203E+00,,1234
moe_coarse_1e19,3070,3.252939E+00,,1234
moe_coarse_1e19,3080,3.253656E+00,,1234
moe_coarse_1e19,3090,3.252991E+00,,1234
moe_coarse_1e19,3100,3.252380E+00,,1234
moe_coarse_1e19,3110,3.246729E+00,,1234
moe_coarse_1e19,3120,3.249425E+00,,1234
moe_coarse_1e19,3130,3.252075E+00,,1234
moe_coarse_1e19,3140,3.243932E+00,,1234
moe_coarse_1e19,3150,3.248536E+00,,1234
moe_coarse_1e19,3160,3.247300E+00,,1234
moe_coarse_1e19,3170,3.246137E+00,,1234
moe_coarse_1e19,3180,3.244137E+00,,1234
moe_coarse_1e19,3190,3.246000E+00,,1234
moe_coarse_1e19,3200,3.248912E+00,,1234
moe_coarse_1e19,3210,3.239006E+00,,1234
moe_coarse_1e19,3220,3.239239E+00,,1234
moe_coarse_1e19,3230,3.247445E+00,,1234
moe_coarse_1e19,3240,3.244582E+00,,1234
moe_coarse_1e19,3250,3.244958E+00,,1234
moe_coarse_1e19,3260,3.240743E+00,,1234
moe_coarse_1e19,3270,3.238530E+00,,1234
moe_coarse_1e19,3280,3.241579E+00,,1234
moe_coarse_1e19,3290,3.235516E+00,,1234
moe_coarse_1e19,3300,3.234858E+00,,1234
moe_coarse_1e19,3310,3.240168E+00,,1234
moe_coarse_1e19,3320,3.242996E+00,,1234
moe_coarse_1e19,3330,3.232406E+00,,1234
moe_coarse_1e19,3340,3.236408E+00,,1234
moe_coarse_1e19,3350,3.233652E+00,,1234
moe_coarse_1e19,3360,3.234205E+00,,1234
moe_coarse_1e19,3370,3.226299E+00,,1234
moe_coarse_1e19,3380,3.223668E+00,,1234
moe_coarse_1e19,3390,3.222841E+00,,1234
moe_coarse_1e19,3400,3.225863E+00,,1234
moe_coarse_1e19,3410,3.219818E+00,,1234
moe_coarse_1e19,3420,3.223743E+00,,1234
moe_coarse_1e19,3430,3.227589E+00,,1234
moe_coarse_1e19,3440,3.227857E+00,,1234
moe_coarse_1e19,3450,3.226730E+00,,1234
moe_coarse_1e19,3460,3.221170E+00,,1234
moe_coarse_1e19,3470,3.225249E+00,,1234
moe_coarse_1e19,3480,3.217344E+00,,1234
moe_coarse_1e19,3490,3.221088E+00,,1234
moe_coarse_1e19,3500,3.218727E+00,,1234
moe_coarse_1e19,3510,3.225225E+00,,1234
moe_coarse_1e19,3520,3.220383E+00,,1234
moe_coarse_1e19,3530,3.218964E+00,,1234
moe_coarse_1e19,3540,3.215685E+00,,1234
moe_coarse_1e19,3550,3.216771E+00,,1234
moe_coarse_1e19,3560,3.214564E+00,,1234
moe_coarse_1e19,3570,3.217958E+00,,1234
moe_coarse_1e19,3580,3.218755E+00,,1234
moe_coarse_1e19,3590,3.218150E+00,,1234
moe_coarse_1e19,3600,3.216145E+00,,1234
moe_coarse_1e19,3610,3.218285E+00,,1234
moe_coarse_1e19,3620,3.210373E+00,,1234
moe_coarse_1e19,3630,3.208978E+00,,1234
moe_coarse_1e19,3640,3.218781E+00,,1234
moe_coarse_1e19,3650,3.207237E+00,,1234
moe_coarse_1e19,3660,3.207551E+00,,1234
moe_coarse_1e19,3670,3.215867E+00,,1234
moe_coarse_1e19,3680,3.206358E+00,,1234
moe_coarse_1e19,3690,3.206517E+00,,1234
moe_coarse_1e19,3700,3.207924E+00,,1234
moe_coarse_1e19,3710,3.204148E+00,,1234
moe_coarse_1e19,3720,3.196319E+00,,1234
moe_coarse_1e19,3730,3.206221E+00,,1234
moe_coarse_1e19,3740,3.203717E+00,,1234
moe_coarse_1e19,3750,3.207208E+00,,1234
moe_coarse_1e19,3760,3.198801E+00,,1234
moe_coarse_1e19,3770,3.202686E+00,,1234
moe_coarse_1e19,3780,3.195378E+00,,1234
moe_coarse_1e19,3790,3.201466E+00,,1234
moe_coarse_1e19,3800,3.194666E+00,,1234
moe_coarse_1e19,3810,3.195950E+00,,1234
moe_coarse_1e19,3820,3.199373E+00,,1234
moe_coarse_1e19,3830,3.201323E+00,,1234
moe_coarse_1e19,3840,3.192759E+00,,1234
moe_coarse_1e19,3850,3.195602E+00,,1234
moe_coarse_1e19,3860,3.196098E+00,,1234
moe_coarse_1e19,3870,3.192175E+00,,1234
moe_coarse_1e19,3880,3.200130E+00,,1234
moe_coarse_1e19,3890,3.190351E+00,,1234
moe_coarse_1e19,3900,3.197154E+00,,1234
moe_coarse_1e19,3910,3.189347E+00,,1234
moe_coarse_1e19,3920,3.190315E+00,,1234
moe_coarse_1e19,3930,3.182641E+00,,1234
moe_coarse_1e19,3940,3.183654E+00,,1234
moe_coarse_1e19,3950,3.182368E+00,,1234
moe_coarse_1e19,3960,3.180128E+00,,1234
moe_coarse_1e19,3970,3.173557E+00,,1234
moe_coarse_1e19,3980,3.170921E+00,,1234
moe_coarse_1e19,3990,3.174690E+00,,1234
moe_coarse_1e19,4000,3.179017E+00,,1234
moe_coarse_1e19,4010,3.164014E+00,,1234
moe_coarse_1e19,4020,3.163797E+00,,1234
moe_coarse_1e19,4030,3.165351E+00,,1234
moe_coarse_1e19,4040,3.166561E+00,,1234
moe_coarse_1e19,4050,3.160493E+00,,1234
moe_coarse_1e19,4060,3.159041E+00,,1234
moe_coarse_1e19,4070,3.163766E+00,,1234
moe_coarse_1e19,4080,3.158829E+00,,1234
moe_coarse_1e19,4090,3.156174E+00,,1234
moe_coarse_1e19,4100,3.152380E+00,,1234
moe_coarse_1e19,4110,3.151843E+00,,1234
moe_coarse_1e19,4120,3.153678E+00,,1234
moe_coarse_1e19,4130,3.145555E+00,,1234
moe_coarse_1e19,4140,3.149036E+00,,1234
moe_coarse_1e19,4150,3.145025E+00,,1234
moe_coarse_1e19,4160,3.146238E+00,,1234
moe_coarse_1e19,4170,3.142309E+00,,1234
moe_coarse_1e19,4180,3.141327E+00,,1234
moe_coarse_1e19,4190,3.135996E+00,,1234
moe_coarse_1e19,4200,3.138459E+00,,1234
moe_coarse_1e19,4210,3.138461E+00,,1234
moe_coarse_1e19,4220,3.133755E+00,,1234
moe_coarse_1e19,4230,3.133553E+00,,1234
moe_coarse_1e19,4240,3.129495E+00,,1234
moe_coarse_1e19,4250,3.131158E+00,,1234
moe_coarse_1e19,4260,3.132086E+00,,1234
moe_coarse_1e19,4270,3.130942E+00,,1234
moe_coarse_1e19,4280,3.129773E+00,,1234
moe_coarse_1e19,4290,3.127730E+00,,1234
moe_coarse_1e19,4300,3.124726E+00,,1234
moe_coarse_1e19,4310,3.123047E+00,,1234
moe_coarse_1e19,4318,,3.131040,1234
